Akaka (D-HI),samdt750-112,s223-112,samdt149-112,sres14-112,sres21-112,samdt182-112,hjres44-112,samdt1414-112,samdt286-112,samdt927-112,samdt791-112,s365-112,samdt633-112,samdt1107-112,samdt58-112,samdt216-112,samdt392-112,samdt1465-112,hr2887-112,sres116-112,samdt1456-112,hr1540-112,hr674-112,hr2608-112,samdt284-112,hr2055-112,sres10-112,s679-112,samdt193-112,samdt34-112,samdt281-112,hr2112-112,samdt476-112,samdt857-112,samdt28-112,hr3080-112,samdt1125-112,s23-112,samdt879-112,sres28-112,hr1249-112,samdt602-112,hr514-112,s1867-112,hjres48-112,samdt8-112,sres29-112,samdt775-112,hr2832-112,samdt869-112,hr3672-112,samdt1126-112,s1619-112,hr1473-112,,,,,,,,,,,,,,,,,,,,,,,,,,,,
Alexander (R-TN),s223-112,samdt183-112,samdt642-112,sres159-112,sres14-112,samdt650-112,hr3079-112,s990-112,samdt634-112,samdt860-112,samdt501-112,samdt182-112,hjres44-112,samdt521-112,samdt1414-112,samdt927-112,samdt115-112,s365-112,samdt645-112,samdt641-112,samdt58-112,samdt499-112,samdt763-112,samdt216-112,samdt392-112,samdt740-112,hconres35-112,samdt626-112,samdt1465-112,samdt796-112,hr1-112,samdt917-112,hr2887-112,sres116-112,samdt1456-112,samdt625-112,hr1540-112,samdt390-112,hr674-112,samdt792-112,samdt121-112,samdt411-112,hr2608-112,samdt273-112,hr2055-112,s679-112,samdt193-112,samdt610-112,samdt34-112,samdt281-112,hr2112-112,samdt476-112,samdt928-112,samdt14-112,hr3080-112,samdt753-112,samdt810-112,s23-112,samdt600-112,hr3078-112,sres28-112,hr1249-112,samdt651-112,samdt1274-112,hconres36-112,hr514-112,s1867-112,hjres48-112,samdt8-112,sres29-112,samdt775-112,hr4-112,samdt869-112,hr3672-112,hr1473-112,samdt801-112,sjres10-112,,,,,
Ayotte (R-NH),s223-112,samdt183-112,samdt642-112,sres159-112,sres14-112,samdt650-112,hr3079-112,s990-112,samdt634-112,samdt860-112,samdt501-112,samdt182-112,hjres44-112,samdt521-112,samdt1414-112,samdt927-112,samdt115-112,samdt791-112,samdt645-112,samdt641-112,samdt58-112,samdt499-112,samdt763-112,samdt216-112,samdt392-112,samdt740-112,hconres35-112,samdt626-112,samdt1465-112,samdt796-112,hr1-112,samdt917-112,hr2887-112,hconres94-112,sres116-112,samdt1456-112,samdt625-112,hr1540-112,samdt390-112,hr674-112,samdt792-112,samdt121-112,samdt411-112,samdt273-112,hr2055-112,samdt193-112,samdt610-112,samdt821-112,samdt34-112,samdt281-112,samdt476-112,samdt928-112,samdt14-112,samdt511-112,hr3080-112,samdt622-112,samdt753-112,samdt810-112,s23-112,samdt600-112,hr3078-112,sres28-112,samdt510-112,hr1249-112,samdt651-112,samdt1274-112,hconres36-112,hr514-112,s1867-112,hjres48-112,samdt8-112,sres29-112,samdt775-112,hr4-112,hr1473-112,samdt801-112,sjres10-112,,,,,
Barrasso (R-WY),s223-112,samdt183-112,sres159-112,sres14-112,hr3079-112,s990-112,samdt860-112,samdt501-112,samdt182-112,hjres44-112,samdt521-112,samdt1414-112,samdt927-112,samdt115-112,samdt791-112,s365-112,samdt641-112,samdt58-112,samdt499-112,samdt763-112,samdt216-112,samdt740-112,hconres35-112,samdt626-112,samdt1465-112,samdt796-112,hr1-112,samdt917-112,hr2887-112,hconres94-112,sres116-112,samdt1456-112,samdt625-112,hr1540-112,samdt390-112,hr674-112,samdt792-112,samdt121-112,samdt411-112,hr2608-112,samdt613-112,samdt273-112,hr2055-112,s679-112,samdt193-112,samdt610-112,samdt821-112,samdt34-112,samdt281-112,samdt476-112,samdt928-112,samdt14-112,samdt511-112,hr3080-112,samdt622-112,samdt753-112,samdt810-112,s23-112,samdt600-112,hr3078-112,sres28-112,samdt510-112,hr1249-112,samdt1274-112,hconres36-112,hr514-112,s1867-112,hjres48-112,samdt8-112,sres29-112,samdt775-112,hr4-112,hr1473-112,samdt801-112,sjres10-112,,,,,,,
Baucus (D-MT),samdt750-112,s223-112,samdt149-112,sres159-112,sres14-112,hr3079-112,samdt1064-112,sjres24-112,samdt182-112,hjres44-112,samdt1414-112,samdt286-112,samdt927-112,s365-112,samdt633-112,samdt1107-112,samdt236-112,samdt58-112,samdt216-112,samdt392-112,samdt1465-112,hr2887-112,sres116-112,samdt1456-112,hr1540-112,hr674-112,samdt792-112,samdt121-112,hr2608-112,samdt284-112,samdt273-112,hr2055-112,s679-112,samdt193-112,samdt610-112,samdt34-112,samdt281-112,hr2112-112,samdt476-112,samdt857-112,samdt28-112,hr3080-112,samdt1125-112,s23-112,samdt879-112,samdt600-112,hr3078-112,sres28-112,hr1249-112,samdt602-112,s1867-112,hjres48-112,samdt8-112,sres29-112,samdt775-112,hr2832-112,hr4-112,samdt869-112,hr3672-112,samdt1126-112,s1619-112,hr1473-112,,,,,,,,,,,,,,,,,,,,
Begich (D-AK),samdt750-112,s223-112,sres8-112,samdt149-112,sres159-112,sres14-112,sres21-112,sjres24-112,samdt182-112,hjres44-112,samdt521-112,samdt1414-112,samdt286-112,samdt927-112,samdt115-112,samdt791-112,s365-112,samdt633-112,samdt236-112,samdt58-112,samdt216-112,samdt392-112,samdt1465-112,samdt796-112,hr2887-112,sres116-112,samdt1456-112,hr1540-112,hr674-112,samdt792-112,samdt121-112,hr2608-112,samdt284-112,samdt769-112,samdt273-112,hr2055-112,sres10-112,s679-112,samdt193-112,samdt34-112,samdt281-112,hr2112-112,samdt476-112,samdt857-112,hr3080-112,s23-112,samdt879-112,sres28-112,hr1249-112,samdt602-112,s1867-112,hjres48-112,samdt8-112,sres29-112,samdt775-112,hr2832-112,hr4-112,samdt869-112,hr3672-112,s1619-112,hr1473-112,,,,,,,,,,,,,,,,,,,,,
Bennet (D-CO),samdt750-112,s223-112,sres159-112,sres14-112,hr3079-112,s990-112,sres21-112,sjres24-112,samdt182-112,hjres44-112,samdt521-112,samdt1414-112,samdt286-112,samdt927-112,samdt115-112,samdt791-112,s365-112,samdt633-112,samdt1107-112,samdt58-112,samdt216-112,samdt392-112,samdt1465-112,samdt796-112,hr2887-112,sres116-112,samdt1456-112,hr1540-112,hr674-112,samdt121-112,hr2608-112,samdt284-112,samdt273-112,hr2055-112,sres10-112,s679-112,samdt193-112,samdt34-112,samdt281-112,hr2112-112,samdt476-112,samdt857-112,samdt28-112,hr3080-112,samdt1125-112,s23-112,samdt879-112,hr3078-112,sres28-112,hr1249-112,samdt602-112,hr514-112,s1867-112,hjres48-112,samdt8-112,sres29-112,samdt775-112,hr2832-112,hr4-112,samdt869-112,hr3672-112,samdt1126-112,s1619-112,hr1473-112,samdt801-112,,,,,,,,,,,,,,,,,
Bingaman (D-NM),samdt750-112,s223-112,samdt149-112,sres159-112,sres14-112,hr3079-112,samdt1064-112,sres21-112,samdt182-112,hjres44-112,samdt1414-112,samdt286-112,samdt927-112,samdt791-112,s365-112,samdt633-112,samdt1107-112,samdt58-112,samdt216-112,samdt1465-112,samdt796-112,hr2887-112,sres116-112,samdt1456-112,hr1540-112,hr674-112,samdt121-112,hr2608-112,samdt284-112,samdt769-112,hr2055-112,sres10-112,s679-112,samdt193-112,samdt34-112,samdt281-112,hr2112-112,samdt476-112,samdt857-112,hr3080-112,samdt1125-112,s23-112,samdt879-112,hr3078-112,sres28-112,hr1249-112,samdt602-112,hr514-112,s1867-112,hjres48-112,samdt8-112,sres29-112,samdt775-112,hr2832-112,hr4-112,samdt869-112,hr3672-112,samdt1126-112,s1619-112,hr1473-112,,,,,,,,,,,,,,,,,,,,,,
Blumenthal (D-CT),samdt750-112,s223-112,sres8-112,samdt149-112,sres159-112,sres14-112,sres21-112,sjres24-112,samdt634-112,samdt182-112,hjres44-112,samdt521-112,samdt1414-112,samdt286-112,samdt927-112,samdt791-112,s365-112,samdt633-112,samdt1107-112,samdt58-112,samdt216-112,samdt1465-112,samdt796-112,hr2887-112,sres116-112,samdt1456-112,hr1540-112,hr674-112,samdt121-112,samdt411-112,hr2608-112,samdt284-112,samdt769-112,samdt273-112,hr2055-112,sres10-112,s679-112,samdt193-112,samdt34-112,samdt281-112,hr2112-112,samdt476-112,samdt857-112,samdt28-112,samdt1125-112,s23-112,samdt879-112,sres28-112,hr1249-112,samdt602-112,hr514-112,s1867-112,hjres48-112,samdt8-112,sres29-112,samdt775-112,hr2832-112,hr4-112,samdt869-112,hr3672-112,s1619-112,hr1473-112,,,,,,,,,,,,,,,,,,,,
Blunt (R-MO),s223-112,samdt183-112,samdt642-112,sres159-112,sres14-112,samdt650-112,hr3079-112,s990-112,samdt634-112,samdt860-112,samdt501-112,samdt182-112,hjres44-112,samdt521-112,samdt1414-112,samdt927-112,samdt115-112,s365-112,samdt633-112,samdt645-112,samdt641-112,samdt58-112,samdt499-112,samdt763-112,samdt216-112,samdt392-112,samdt740-112,hconres35-112,samdt626-112,samdt1465-112,samdt796-112,hr1-112,hr2887-112,hconres94-112,sres116-112,samdt1456-112,samdt625-112,hr1540-112,samdt390-112,hr674-112,samdt792-112,samdt121-112,samdt273-112,hr2055-112,s679-112,samdt193-112,samdt610-112,samdt821-112,samdt34-112,samdt281-112,hr2112-112,samdt928-112,samdt857-112,samdt14-112,hr3080-112,samdt622-112,samdt753-112,samdt810-112,s23-112,samdt879-112,hr3078-112,sres28-112,samdt510-112,hr1249-112,samdt602-112,samdt651-112,samdt1274-112,hconres36-112,hr514-112,s1867-112,hjres48-112,samdt8-112,sres29-112,samdt775-112,hr2832-112,hr4-112,samdt869-112,hr3672-112,hr1473-112,sjres10-112,,
Boozman (R-AR),s223-112,samdt183-112,samdt642-112,sres159-112,sres14-112,samdt650-112,hr3079-112,s990-112,samdt634-112,samdt860-112,samdt501-112,samdt182-112,hjres44-112,samdt521-112,samdt1414-112,samdt927-112,samdt115-112,s365-112,samdt633-112,samdt645-112,samdt641-112,samdt58-112,samdt763-112,samdt216-112,samdt392-112,samdt740-112,hconres35-112,samdt626-112,samdt1465-112,samdt796-112,hr1-112,samdt917-112,hr2887-112,hconres94-112,sres116-112,samdt1456-112,samdt625-112,hr1540-112,samdt390-112,hr674-112,samdt792-112,samdt121-112,samdt411-112,hr2608-112,samdt769-112,samdt273-112,hr2055-112,samdt193-112,samdt610-112,samdt821-112,samdt34-112,samdt281-112,hr2112-112,samdt476-112,samdt928-112,samdt14-112,hr3080-112,samdt622-112,samdt753-112,samdt810-112,s23-112,samdt600-112,hr3078-112,sres28-112,hr1249-112,samdt651-112,samdt1274-112,hconres36-112,hr514-112,s1867-112,hjres48-112,samdt8-112,sres29-112,samdt775-112,hr2832-112,hr4-112,hr3672-112,hr1473-112,samdt801-112,sjres10-112,,
Boxer (D-CA),samdt750-112,s223-112,samdt149-112,sres159-112,sres14-112,s990-112,samdt1064-112,sres21-112,samdt182-112,hjres44-112,samdt1414-112,samdt286-112,samdt927-112,samdt791-112,s365-112,samdt633-112,samdt1107-112,samdt58-112,samdt216-112,samdt1465-112,samdt796-112,hr2887-112,samdt1456-112,hr1540-112,hr674-112,samdt121-112,hr2608-112,samdt284-112,samdt595-112,samdt769-112,hr2055-112,sres10-112,s679-112,samdt193-112,samdt34-112,samdt281-112,hr2112-112,samdt476-112,samdt857-112,samdt28-112,hr3080-112,samdt1125-112,samdt879-112,samdt600-112,sres28-112,samdt602-112,hr514-112,s1867-112,hjres48-112,samdt8-112,sres29-112,samdt775-112,hr2832-112,hr4-112,samdt869-112,hr3672-112,samdt1126-112,s1619-112,hr1473-112,,,,,,,,,,,,,,,,,,,,,,,
Brown (D-OH),samdt750-112,s223-112,samdt149-112,sres159-112,sres14-112,samdt1064-112,sres21-112,sjres24-112,samdt182-112,hjres44-112,samdt1414-112,samdt286-112,samdt927-112,samdt115-112,samdt791-112,s365-112,samdt633-112,samdt1107-112,samdt58-112,samdt216-112,samdt1465-112,samdt796-112,hr2887-112,sres116-112,samdt1456-112,hr1540-112,hr674-112,samdt792-112,samdt121-112,hr2608-112,samdt284-112,samdt769-112,hr2055-112,sres10-112,s679-112,samdt193-112,samdt34-112,samdt281-112,hr2112-112,samdt857-112,samdt28-112,samdt1125-112,s23-112,samdt879-112,samdt277-112,sres28-112,hr1249-112,samdt602-112,s1867-112,hjres48-112,samdt8-112,sres29-112,samdt775-112,hr2832-112,hr4-112,samdt869-112,hr3672-112,samdt1126-112,s1619-112,hr1473-112,,,,,,,,,,,,,,,,,,,,,,
Brown (R-MA),samdt750-112,s223-112,samdt183-112,sres159-112,sres14-112,samdt650-112,hr3079-112,s990-112,samdt634-112,samdt182-112,hjres44-112,samdt521-112,samdt1414-112,samdt286-112,samdt927-112,samdt115-112,samdt791-112,s365-112,samdt633-112,samdt641-112,samdt58-112,samdt499-112,samdt216-112,hconres35-112,samdt626-112,samdt1465-112,samdt796-112,hr1-112,hr2887-112,sres116-112,samdt1456-112,samdt625-112,hr1540-112,samdt390-112,hr674-112,samdt792-112,samdt121-112,samdt411-112,hr2608-112,samdt273-112,hr2055-112,s679-112,samdt193-112,samdt610-112,samdt34-112,samdt281-112,hr2112-112,samdt476-112,samdt857-112,samdt14-112,samdt215-112,hr3080-112,samdt753-112,s23-112,hr3078-112,sres28-112,samdt510-112,hr1249-112,samdt602-112,hr514-112,s1867-112,hjres48-112,samdt8-112,sres29-112,samdt775-112,hr2832-112,hr4-112,samdt869-112,hr3672-112,s1619-112,hr1473-112,samdt801-112,sjres10-112,,,,,,,,,
Burr (R-NC),s223-112,samdt183-112,samdt642-112,sres159-112,sres14-112,samdt650-112,hr3079-112,s990-112,samdt634-112,samdt860-112,samdt501-112,samdt182-112,hjres44-112,samdt521-112,samdt1414-112,samdt927-112,samdt115-112,samdt791-112,s365-112,samdt645-112,samdt641-112,samdt58-112,samdt499-112,samdt216-112,samdt740-112,hconres35-112,samdt626-112,samdt1465-112,samdt796-112,hr1-112,hr2887-112,hconres94-112,sres116-112,samdt1456-112,samdt625-112,hr1540-112,samdt390-112,hr674-112,samdt792-112,samdt121-112,samdt411-112,samdt613-112,samdt273-112,hr2055-112,samdt193-112,samdt610-112,samdt34-112,samdt281-112,samdt476-112,samdt928-112,samdt14-112,hr3080-112,samdt622-112,samdt753-112,samdt810-112,s23-112,hr3078-112,sres28-112,samdt510-112,hr1249-112,samdt651-112,samdt621-112,samdt1274-112,hconres36-112,hr514-112,s1867-112,hjres48-112,samdt8-112,sres29-112,samdt775-112,hr4-112,s1619-112,hr1473-112,sjres10-112,,,,,,,,
Cantwell (D-WA),samdt750-112,s223-112,samdt149-112,sres159-112,sres14-112,hr3079-112,samdt1064-112,sres21-112,samdt182-112,hjres44-112,samdt1414-112,samdt286-112,samdt927-112,samdt791-112,s365-112,samdt633-112,samdt1107-112,samdt58-112,samdt216-112,samdt1465-112,hr2887-112,sres116-112,samdt1456-112,hr1540-112,hr674-112,samdt121-112,hr2608-112,samdt284-112,samdt595-112,hr2055-112,sres10-112,s679-112,samdt193-112,samdt34-112,samdt281-112,hr2112-112,samdt476-112,samdt857-112,samdt28-112,hr3080-112,samdt1125-112,samdt879-112,samdt600-112,hr3078-112,sres28-112,samdt602-112,hr514-112,s1867-112,hjres48-112,samdt8-112,sres29-112,samdt775-112,hr2832-112,hr4-112,samdt869-112,hr3672-112,samdt1126-112,hr1473-112,,,,,,,,,,,,,,,,,,,,,,,,
Cardin (D-MD),samdt750-112,s223-112,samdt149-112,sres159-112,sres14-112,hr3079-112,s990-112,samdt1064-112,sres21-112,samdt182-112,hjres44-112,samdt1414-112,samdt286-112,samdt927-112,samdt791-112,s365-112,samdt633-112,samdt1107-112,samdt58-112,samdt216-112,samdt1465-112,samdt796-112,hr2887-112,sres116-112,samdt1456-112,hr674-112,samdt121-112,hr2608-112,samdt284-112,samdt769-112,hr2055-112,sres10-112,s679-112,samdt193-112,samdt34-112,samdt281-112,hr2112-112,samdt476-112,samdt857-112,samdt28-112,samdt1125-112,s23-112,samdt879-112,sres28-112,hr1249-112,samdt602-112,hr514-112,s1867-112,hjres48-112,samdt8-112,sres29-112,samdt775-112,hr2832-112,hr4-112,samdt869-112,hr3672-112,samdt1126-112,s1619-112,hr1473-112,,,,,,,,,,,,,,,,,,,,,,,
Carper (D-DE),samdt750-112,s223-112,samdt149-112,sres159-112,sres14-112,hr3079-112,s990-112,sres21-112,sjres24-112,samdt182-112,hjres44-112,samdt521-112,samdt1414-112,samdt286-112,samdt927-112,samdt115-112,samdt791-112,s365-112,samdt633-112,samdt1107-112,samdt58-112,samdt216-112,samdt392-112,samdt1465-112,samdt796-112,hr2887-112,sres116-112,samdt1456-112,hr1540-112,hr674-112,samdt121-112,hr2608-112,samdt284-112,samdt273-112,hr2055-112,sres10-112,s679-112,samdt193-112,samdt34-112,samdt281-112,hr2112-112,samdt476-112,samdt857-112,samdt28-112,hr3080-112,samdt1125-112,s23-112,samdt879-112,hr3078-112,sres28-112,hr1249-112,samdt602-112,hr514-112,s1867-112,hjres48-112,samdt8-112,sres29-112,samdt775-112,hr2832-112,hr4-112,hr3672-112,samdt1126-112,s1619-112,hr1473-112,samdt801-112,,,,,,,,,,,,,,,,,
Casey (D-PA),samdt750-112,s223-112,samdt149-112,sres159-112,sres14-112,s990-112,sres21-112,sjres24-112,samdt182-112,hjres44-112,samdt521-112,samdt1414-112,samdt286-112,samdt927-112,samdt791-112,s365-112,samdt633-112,samdt58-112,samdt216-112,samdt1465-112,samdt796-112,hr2887-112,sres116-112,samdt1456-112,hr1540-112,hr674-112,samdt792-112,samdt121-112,hr2608-112,samdt284-112,samdt769-112,samdt273-112,hr2055-112,sres10-112,s679-112,samdt193-112,samdt34-112,samdt281-112,hr2112-112,samdt857-112,samdt28-112,s23-112,samdt879-112,samdt600-112,samdt277-112,sres28-112,hr1249-112,samdt602-112,hr514-112,s1867-112,hjres48-112,samdt8-112,sres29-112,samdt775-112,hr2832-112,hr4-112,samdt869-112,hr3672-112,samdt1126-112,s1619-112,hr1473-112,,,,,,,,,,,,,,,,,,,,,
Chambliss (R-GA),s223-112,samdt183-112,samdt642-112,sres159-112,sres14-112,samdt650-112,hr3079-112,s990-112,samdt634-112,samdt860-112,samdt501-112,samdt182-112,hjres44-112,samdt521-112,samdt1414-112,samdt927-112,samdt115-112,samdt645-112,samdt641-112,samdt58-112,samdt499-112,samdt763-112,samdt216-112,samdt740-112,hconres35-112,samdt626-112,samdt1465-112,samdt796-112,hr1-112,hr2887-112,hconres94-112,sres116-112,samdt1456-112,samdt625-112,hr1540-112,samdt390-112,hr674-112,samdt792-112,samdt121-112,samdt411-112,samdt273-112,hr2055-112,samdt193-112,samdt610-112,samdt821-112,samdt34-112,samdt281-112,samdt928-112,samdt857-112,samdt14-112,samdt511-112,hr3080-112,samdt622-112,samdt753-112,samdt810-112,s23-112,samdt600-112,hr3078-112,sres28-112,samdt510-112,hr1249-112,samdt651-112,samdt621-112,samdt1274-112,hconres36-112,hr514-112,s1867-112,hjres48-112,samdt8-112,sres29-112,samdt775-112,hr4-112,s1619-112,hr1473-112,samdt801-112,sjres10-112,,,,,,
Coats (R-IN),s223-112,samdt183-112,samdt642-112,sres159-112,sres14-112,samdt650-112,hr3079-112,s990-112,samdt634-112,samdt860-112,samdt501-112,samdt182-112,hjres44-112,samdt521-112,samdt1414-112,samdt927-112,samdt115-112,samdt791-112,samdt633-112,samdt645-112,samdt641-112,samdt58-112,samdt499-112,samdt763-112,samdt216-112,samdt392-112,samdt740-112,hconres35-112,samdt626-112,samdt1465-112,samdt796-112,hr1-112,samdt917-112,hr2887-112,hconres94-112,sres116-112,samdt1456-112,samdt625-112,hr1540-112,samdt390-112,hr674-112,samdt792-112,samdt121-112,hr2608-112,samdt273-112,hr2055-112,samdt193-112,samdt610-112,samdt821-112,samdt34-112,samdt281-112,samdt928-112,samdt14-112,samdt511-112,hr3080-112,samdt753-112,s23-112,hr3078-112,sres28-112,samdt510-112,hr1249-112,samdt651-112,samdt621-112,samdt1274-112,hconres36-112,hr514-112,s1867-112,hjres48-112,samdt8-112,sres29-112,samdt775-112,hr2832-112,hr4-112,hr1473-112,samdt801-112,sjres10-112,,,,,,
Coburn (R-OK),s223-112,samdt183-112,samdt642-112,sres159-112,sres14-112,samdt650-112,s990-112,samdt800-112,samdt634-112,samdt860-112,samdt501-112,samdt182-112,hjres44-112,samdt521-112,samdt1414-112,samdt927-112,samdt115-112,samdt791-112,samdt645-112,samdt641-112,samdt58-112,samdt499-112,samdt763-112,samdt216-112,samdt392-112,samdt740-112,hconres35-112,samdt626-112,samdt1465-112,samdt796-112,hr1-112,samdt917-112,hconres94-112,sres116-112,samdt1456-112,samdt625-112,samdt390-112,hr674-112,samdt792-112,samdt121-112,samdt411-112,samdt595-112,samdt769-112,samdt613-112,samdt273-112,samdt193-112,samdt610-112,samdt821-112,samdt281-112,samdt476-112,samdt928-112,samdt14-112,samdt622-112,samdt753-112,samdt810-112,s23-112,samdt600-112,sres28-112,samdt510-112,samdt651-112,samdt621-112,samdt1274-112,hconres36-112,hr514-112,hjres48-112,samdt775-112,hr4-112,samdt801-112,sjres10-112,,,,,,,,,,,,,
Cochran (R-MS),s223-112,samdt183-112,samdt642-112,sres159-112,sres14-112,samdt650-112,hr3079-112,s990-112,samdt634-112,samdt860-112,samdt182-112,hjres44-112,samdt521-112,samdt1414-112,samdt286-112,samdt927-112,samdt115-112,s365-112,samdt633-112,samdt645-112,samdt641-112,samdt58-112,samdt499-112,samdt763-112,samdt216-112,samdt392-112,samdt740-112,hconres35-112,samdt626-112,samdt1465-112,samdt796-112,hr1-112,samdt917-112,hr2887-112,hconres94-112,sres116-112,samdt1456-112,samdt625-112,hr1540-112,samdt390-112,hr674-112,samdt792-112,samdt121-112,hr2608-112,hr2055-112,s679-112,samdt193-112,samdt610-112,samdt34-112,samdt281-112,hr2112-112,samdt928-112,samdt14-112,hr3080-112,samdt753-112,s23-112,hr3078-112,sres28-112,samdt510-112,hr1249-112,samdt651-112,samdt1274-112,hconres36-112,hr514-112,s1867-112,hjres48-112,samdt8-112,sres29-112,samdt775-112,hr2832-112,hr4-112,samdt869-112,hr3672-112,s1619-112,hr1473-112,sjres10-112,,,,,,
Collins (R-ME),s223-112,sres159-112,sres14-112,samdt650-112,hr3079-112,s990-112,samdt634-112,samdt860-112,samdt501-112,samdt182-112,hjres44-112,samdt521-112,samdt1414-112,samdt286-112,samdt927-112,samdt115-112,samdt791-112,s365-112,samdt633-112,samdt58-112,samdt499-112,samdt216-112,hconres35-112,samdt1465-112,samdt796-112,hr1-112,samdt917-112,hr2887-112,sres116-112,samdt1456-112,samdt625-112,hr1540-112,samdt390-112,hr674-112,samdt121-112,samdt411-112,hr2608-112,samdt769-112,samdt273-112,hr2055-112,s679-112,samdt193-112,samdt610-112,samdt34-112,samdt281-112,hr2112-112,samdt476-112,samdt14-112,samdt215-112,hr3080-112,samdt753-112,s23-112,samdt879-112,sres28-112,hr1249-112,samdt602-112,hr514-112,s1867-112,hjres48-112,samdt8-112,sres29-112,samdt775-112,hr2832-112,hr4-112,samdt869-112,hr3672-112,samdt1126-112,s1619-112,hr1473-112,sjres10-112,,,,,,,,,,,,
Conrad (D-ND),samdt750-112,s223-112,samdt149-112,sres159-112,sres14-112,hr3079-112,s990-112,sres21-112,samdt182-112,hjres44-112,samdt1414-112,samdt286-112,samdt927-112,samdt791-112,s365-112,samdt633-112,samdt236-112,samdt58-112,samdt216-112,samdt1465-112,hr2887-112,sres116-112,samdt1456-112,hr1540-112,hr674-112,samdt121-112,hr2608-112,samdt284-112,samdt769-112,hr2055-112,sres10-112,s679-112,samdt193-112,samdt34-112,samdt281-112,hr2112-112,samdt857-112,samdt215-112,hr3080-112,samdt1125-112,s23-112,samdt879-112,samdt600-112,hr3078-112,samdt277-112,sres28-112,hr1249-112,samdt602-112,hr514-112,s1867-112,hjres48-112,samdt8-112,sres29-112,hr2832-112,hr4-112,samdt869-112,hr3672-112,samdt1126-112,s1619-112,hr1473-112,,,,,,,,,,,,,,,,,,,,,,
Coons (D-DE),samdt750-112,samdt149-112,sres159-112,sres14-112,hr3079-112,sres21-112,samdt182-112,hjres44-112,samdt1414-112,samdt286-112,samdt927-112,samdt791-112,s365-112,samdt633-112,samdt1107-112,samdt58-112,samdt216-112,samdt392-112,samdt1465-112,samdt796-112,hr2887-112,sres116-112,samdt1456-112,hr1540-112,hr674-112,samdt121-112,hr2608-112,samdt284-112,hr2055-112,sres10-112,s679-112,samdt193-112,samdt34-112,samdt281-112,hr2112-112,samdt476-112,samdt857-112,samdt28-112,hr3080-112,samdt1125-112,s23-112,samdt879-112,sres28-112,hr1249-112,samdt602-112,hr514-112,s1867-112,hjres48-112,samdt8-112,sres29-112,samdt775-112,hr2832-112,hr4-112,samdt869-112,hr3672-112,samdt1126-112,s1619-112,hr1473-112,samdt801-112,,,,,,,,,,,,,,,,,,,,,,,
Corker (R-TN),samdt183-112,samdt642-112,sres159-112,sres14-112,hr3079-112,s990-112,samdt800-112,samdt860-112,samdt501-112,samdt182-112,hjres44-112,samdt521-112,samdt1414-112,samdt927-112,samdt115-112,samdt791-112,s365-112,samdt645-112,samdt641-112,samdt58-112,samdt499-112,samdt763-112,samdt216-112,samdt392-112,samdt740-112,hconres35-112,samdt626-112,samdt796-112,hr1-112,samdt917-112,hr2887-112,hconres94-112,sres116-112,samdt1456-112,samdt625-112,hr1540-112,samdt390-112,hr674-112,samdt792-112,samdt121-112,samdt411-112,hr2608-112,samdt769-112,samdt273-112,s679-112,samdt193-112,samdt610-112,samdt821-112,samdt34-112,samdt281-112,samdt476-112,samdt928-112,samdt14-112,samdt511-112,hr3080-112,samdt622-112,samdt753-112,samdt810-112,s23-112,samdt600-112,hr3078-112,sres28-112,samdt510-112,hr1249-112,samdt621-112,hconres36-112,hr514-112,s1867-112,hjres48-112,samdt8-112,sres29-112,samdt775-112,hr4-112,hr1473-112,samdt801-112,sjres10-112,,,,,,
Cornyn (R-TX),s223-112,samdt183-112,samdt642-112,sres159-112,sres14-112,samdt650-112,hr3079-112,s990-112,samdt800-112,samdt634-112,samdt860-112,samdt501-112,samdt182-112,hjres44-112,samdt521-112,samdt1414-112,samdt927-112,samdt115-112,samdt791-112,s365-112,samdt645-112,samdt641-112,samdt58-112,samdt499-112,samdt763-112,samdt216-112,samdt392-112,samdt740-112,hconres35-112,samdt626-112,samdt1465-112,samdt796-112,hr1-112,samdt917-112,hr2887-112,hconres94-112,sres116-112,samdt1456-112,samdt625-112,hr1540-112,samdt390-112,hr674-112,samdt792-112,samdt121-112,samdt411-112,samdt273-112,hr2055-112,s679-112,samdt193-112,samdt610-112,samdt821-112,samdt34-112,samdt281-112,samdt476-112,samdt928-112,samdt14-112,hr3080-112,samdt622-112,samdt753-112,samdt810-112,s23-112,samdt600-112,hr3078-112,sres28-112,samdt510-112,hr1249-112,samdt651-112,samdt1274-112,hconres36-112,hr514-112,s1867-112,hjres48-112,samdt8-112,samdt775-112,hr4-112,hr1473-112,samdt801-112,sjres10-112,,,,
Crapo (R-ID),samdt183-112,samdt642-112,sres159-112,sres14-112,samdt650-112,hr3079-112,s990-112,samdt634-112,samdt860-112,samdt501-112,samdt182-112,samdt521-112,samdt1414-112,samdt927-112,samdt115-112,samdt791-112,s365-112,samdt645-112,samdt641-112,samdt58-112,samdt499-112,samdt763-112,samdt216-112,samdt392-112,samdt740-112,hconres35-112,samdt626-112,samdt1465-112,samdt796-112,hr1-112,samdt917-112,hr2887-112,hconres94-112,samdt1456-112,samdt625-112,samdt390-112,hr674-112,samdt792-112,samdt121-112,samdt411-112,samdt273-112,hr2055-112,samdt193-112,samdt610-112,samdt821-112,samdt34-112,samdt281-112,samdt476-112,samdt928-112,samdt14-112,samdt511-112,hr3080-112,samdt622-112,samdt753-112,samdt810-112,samdt600-112,hr3078-112,sres28-112,samdt510-112,hr1249-112,samdt651-112,samdt621-112,samdt1274-112,hconres36-112,hr514-112,s1867-112,samdt8-112,samdt775-112,hr4-112,s1619-112,samdt801-112,sjres10-112,,,,,,,,,,
DeMint (R-SC),samdt183-112,samdt642-112,sres159-112,sres14-112,samdt650-112,hr3079-112,s990-112,samdt1064-112,samdt800-112,samdt634-112,samdt860-112,samdt501-112,samdt182-112,hjres44-112,samdt521-112,samdt1414-112,samdt115-112,samdt791-112,samdt645-112,samdt641-112,samdt58-112,samdt499-112,samdt763-112,samdt216-112,samdt392-112,samdt740-112,hconres35-112,samdt626-112,samdt796-112,samdt917-112,hconres94-112,samdt1456-112,samdt625-112,samdt390-112,hr674-112,samdt792-112,samdt121-112,samdt411-112,samdt595-112,samdt769-112,samdt613-112,samdt273-112,hr2055-112,samdt193-112,samdt610-112,samdt821-112,samdt34-112,samdt281-112,samdt476-112,samdt928-112,samdt14-112,samdt511-112,hr3080-112,samdt622-112,samdt753-112,samdt810-112,s23-112,samdt600-112,hr3078-112,samdt510-112,samdt651-112,samdt621-112,samdt1274-112,hconres36-112,hr514-112,s1867-112,samdt8-112,samdt775-112,hr4-112,samdt801-112,sjres10-112,,,,,,,,,,,
Durbin (D-IL),samdt750-112,s223-112,sres8-112,samdt149-112,sres159-112,sres14-112,hr3079-112,samdt1064-112,sres21-112,samdt182-112,hjres44-112,samdt1414-112,samdt286-112,samdt927-112,samdt791-112,s365-112,samdt633-112,samdt1107-112,samdt58-112,samdt216-112,samdt1465-112,hr2887-112,sres116-112,samdt1456-112,hr674-112,samdt121-112,hr2608-112,samdt284-112,hr2055-112,sres10-112,s679-112,samdt193-112,samdt34-112,samdt281-112,hr2112-112,samdt857-112,samdt28-112,hr3080-112,samdt1125-112,s23-112,samdt879-112,samdt600-112,sres28-112,hr1249-112,samdt602-112,hr514-112,s1867-112,hjres48-112,samdt8-112,sres29-112,samdt775-112,hr2832-112,samdt869-112,hr3672-112,samdt1126-112,s1619-112,hr1473-112,,,,,,,,,,,,,,,,,,,,,,,,,
Ensign (R-NV),s223-112,samdt183-112,sres14-112,samdt182-112,hjres44-112,samdt115-112,samdt58-112,samdt216-112,hconres35-112,hr1-112,samdt121-112,samdt273-112,samdt193-112,samdt34-112,samdt281-112,samdt14-112,hconres36-112,hr514-112,samdt8-112,hr4-112,,,,,,,,,,,,,,,,,,,,,,,,,,,,,,,,,,,,,,,,,,,,,,,,,,,,,,,,,,,,,,
Enzi (R-WY),s223-112,samdt183-112,sres159-112,sres14-112,hr3079-112,s990-112,samdt860-112,samdt501-112,samdt182-112,hjres44-112,samdt521-112,samdt1414-112,samdt927-112,samdt115-112,samdt791-112,s365-112,samdt641-112,samdt58-112,samdt499-112,samdt763-112,samdt216-112,samdt740-112,hconres35-112,samdt626-112,samdt1465-112,samdt796-112,hr1-112,samdt917-112,hr2887-112,hconres94-112,sres116-112,samdt1456-112,samdt625-112,hr1540-112,samdt390-112,hr674-112,samdt792-112,samdt121-112,samdt411-112,hr2608-112,samdt613-112,samdt273-112,hr2055-112,s679-112,samdt193-112,samdt610-112,samdt821-112,samdt34-112,samdt281-112,samdt476-112,samdt928-112,samdt14-112,samdt511-112,hr3080-112,samdt622-112,samdt753-112,samdt810-112,s23-112,samdt600-112,hr3078-112,sres28-112,samdt510-112,hr1249-112,samdt1274-112,hconres36-112,hr514-112,s1867-112,hjres48-112,samdt8-112,sres29-112,samdt775-112,hr4-112,hr1473-112,samdt801-112,sjres10-112,,,,,,,
Feinstein (D-CA),samdt750-112,s223-112,samdt149-112,sres159-112,hr3079-112,s990-112,samdt1064-112,sjres24-112,samdt182-112,hjres44-112,samdt1414-112,samdt286-112,samdt927-112,samdt791-112,s365-112,samdt633-112,samdt1107-112,samdt58-112,samdt216-112,samdt1465-112,samdt796-112,hr2887-112,sres116-112,samdt1456-112,hr1540-112,hr674-112,samdt121-112,hr2608-112,samdt284-112,samdt769-112,hr2055-112,s679-112,samdt193-112,samdt34-112,samdt281-112,hr2112-112,samdt476-112,samdt857-112,samdt28-112,hr3080-112,samdt1125-112,s23-112,samdt879-112,hr3078-112,hr1249-112,samdt602-112,hr514-112,s1867-112,hjres48-112,samdt8-112,samdt775-112,hr2832-112,hr4-112,samdt869-112,hr3672-112,samdt1126-112,s1619-112,hr1473-112,,,,,,,,,,,,,,,,,,,,,,,,
Franken (D-MN),samdt750-112,s223-112,samdt149-112,sres159-112,sres14-112,samdt1064-112,sres21-112,samdt182-112,hjres44-112,samdt1414-112,samdt286-112,samdt927-112,samdt791-112,s365-112,samdt633-112,samdt1107-112,samdt58-112,samdt216-112,samdt1465-112,hr2887-112,sres116-112,samdt1456-112,hr674-112,samdt121-112,hr2608-112,samdt284-112,samdt769-112,hr2055-112,sres10-112,s679-112,samdt193-112,samdt34-112,samdt281-112,hr2112-112,samdt857-112,samdt28-112,hr3080-112,samdt1125-112,s23-112,samdt879-112,sres28-112,hr1249-112,samdt602-112,hr514-112,s1867-112,hjres48-112,samdt8-112,sres29-112,samdt775-112,hr2832-112,hr4-112,samdt869-112,hr3672-112,samdt1126-112,s1619-112,hr1473-112,,,,,,,,,,,,,,,,,,,,,,,,,,
Gillibrand (D-NY),samdt750-112,s223-112,sres8-112,samdt149-112,sres159-112,sres14-112,s990-112,samdt1064-112,sres21-112,sjres24-112,samdt182-112,hjres44-112,samdt1414-112,samdt286-112,samdt927-112,samdt791-112,samdt633-112,samdt1107-112,samdt58-112,samdt216-112,samdt392-112,samdt1465-112,hr2887-112,sres116-112,samdt1456-112,hr1540-112,hr674-112,samdt121-112,hr2608-112,samdt284-112,hr2055-112,sres10-112,s679-112,samdt193-112,samdt34-112,samdt281-112,hr2112-112,samdt476-112,samdt857-112,samdt28-112,hr3080-112,samdt1125-112,s23-112,samdt879-112,sres28-112,hr1249-112,samdt602-112,hr514-112,s1867-112,hjres48-112,samdt8-112,sres29-112,samdt775-112,hr2832-112,hr4-112,samdt869-112,hr3672-112,samdt1126-112,s1619-112,hr1473-112,,,,,,,,,,,,,,,,,,,,,,
Graham (R-SC),samdt750-112,s223-112,samdt183-112,sres159-112,sres14-112,samdt650-112,hr3079-112,s990-112,samdt800-112,samdt634-112,samdt860-112,samdt501-112,samdt182-112,hjres44-112,samdt521-112,samdt1414-112,samdt927-112,samdt115-112,samdt791-112,samdt641-112,samdt58-112,samdt499-112,samdt763-112,samdt216-112,hconres35-112,samdt1465-112,samdt796-112,hr1-112,samdt917-112,hr2887-112,hconres94-112,sres116-112,samdt1456-112,samdt625-112,hr1540-112,samdt390-112,hr674-112,samdt792-112,samdt121-112,samdt411-112,hr2608-112,samdt273-112,hr2055-112,s679-112,samdt193-112,samdt610-112,samdt821-112,samdt34-112,samdt281-112,hr2112-112,samdt476-112,samdt928-112,samdt857-112,samdt14-112,samdt215-112,samdt511-112,hr3080-112,samdt622-112,samdt753-112,samdt810-112,s23-112,samdt879-112,hr3078-112,sres28-112,samdt510-112,hr1249-112,samdt1274-112,hconres36-112,hr514-112,s1867-112,hjres48-112,samdt8-112,sres29-112,samdt775-112,hr2832-112,hr4-112,s1619-112,samdt801-112,sjres10-112,,,
Grassley (R-IA),s223-112,samdt183-112,samdt642-112,sres159-112,sres14-112,samdt650-112,hr3079-112,s990-112,samdt634-112,samdt860-112,samdt501-112,samdt182-112,hjres44-112,samdt521-112,samdt1414-112,samdt927-112,samdt115-112,samdt791-112,samdt645-112,samdt641-112,samdt58-112,samdt499-112,samdt763-112,samdt216-112,samdt740-112,hconres35-112,samdt626-112,samdt1465-112,samdt796-112,hr1-112,samdt917-112,hr2887-112,hconres94-112,samdt1456-112,samdt625-112,hr1540-112,samdt390-112,hr674-112,samdt792-112,samdt121-112,hr2608-112,samdt769-112,samdt613-112,samdt273-112,hr2055-112,samdt193-112,samdt610-112,samdt821-112,samdt34-112,samdt281-112,samdt928-112,samdt14-112,samdt511-112,hr3080-112,samdt622-112,samdt753-112,samdt810-112,s23-112,hr3078-112,sres28-112,samdt510-112,hr1249-112,samdt1274-112,hconres36-112,hr514-112,s1867-112,hjres48-112,samdt8-112,sres29-112,samdt775-112,hr4-112,s1619-112,hr1473-112,samdt801-112,sjres10-112,,,,,,,
Hagan (D-NC),samdt750-112,s223-112,sres159-112,sres14-112,s990-112,sres21-112,sjres24-112,samdt182-112,hjres44-112,samdt521-112,samdt1414-112,samdt286-112,samdt927-112,samdt791-112,s365-112,samdt633-112,samdt236-112,samdt58-112,samdt216-112,samdt392-112,samdt1465-112,samdt796-112,hr2887-112,sres116-112,samdt1456-112,hr1540-112,samdt792-112,samdt121-112,hr2608-112,samdt273-112,hr2055-112,sres10-112,s679-112,samdt193-112,samdt34-112,samdt281-112,hr2112-112,samdt476-112,samdt857-112,samdt28-112,samdt1125-112,s23-112,samdt879-112,sres28-112,hr1249-112,samdt602-112,hr514-112,s1867-112,hjres48-112,samdt8-112,sres29-112,samdt775-112,hr2832-112,hr4-112,samdt869-112,hr3672-112,samdt1126-112,s1619-112,hr1473-112,,,,,,,,,,,,,,,,,,,,,,,
Harkin (D-IA),samdt750-112,s223-112,sres8-112,samdt149-112,sres159-112,sres14-112,samdt1064-112,sres21-112,samdt182-112,samdt1414-112,samdt286-112,samdt927-112,samdt791-112,samdt633-112,samdt1107-112,samdt58-112,samdt216-112,samdt1465-112,samdt796-112,hr2887-112,sres116-112,samdt1456-112,hr674-112,samdt121-112,hr2608-112,samdt284-112,hr2055-112,sres10-112,s679-112,samdt193-112,samdt34-112,samdt281-112,hr2112-112,samdt857-112,samdt28-112,samdt1125-112,s23-112,samdt879-112,sres28-112,hr1249-112,samdt602-112,hjres48-112,samdt8-112,sres29-112,samdt775-112,hr2832-112,samdt869-112,hr3672-112,samdt1126-112,s1619-112,hr1473-112,,,,,,,,,,,,,,,,,,,,,,,,,,,,,,,
Hatch (R-UT),samdt750-112,s223-112,samdt183-112,samdt642-112,sres159-112,sres14-112,samdt650-112,hr3079-112,s990-112,samdt800-112,samdt634-112,samdt860-112,samdt501-112,samdt182-112,samdt521-112,samdt1414-112,samdt927-112,samdt115-112,samdt791-112,samdt645-112,samdt641-112,samdt58-112,samdt499-112,samdt763-112,samdt216-112,samdt392-112,samdt740-112,hconres35-112,samdt626-112,samdt1465-112,samdt796-112,hr1-112,samdt917-112,hr2887-112,samdt1456-112,samdt625-112,hr1540-112,samdt390-112,hr674-112,samdt792-112,samdt121-112,samdt411-112,samdt595-112,samdt273-112,hr2055-112,samdt193-112,samdt610-112,samdt821-112,samdt34-112,samdt281-112,samdt476-112,samdt928-112,samdt14-112,samdt511-112,hr3080-112,samdt622-112,samdt753-112,samdt810-112,s23-112,samdt600-112,hr3078-112,sres28-112,samdt510-112,hr1249-112,samdt651-112,samdt1274-112,hconres36-112,hr514-112,s1867-112,samdt775-112,hr4-112,samdt801-112,sjres10-112,,,,,,,,,
Heller (R-NV),samdt642-112,samdt650-112,hr3079-112,samdt1064-112,sjres24-112,samdt634-112,samdt860-112,samdt501-112,samdt521-112,samdt1414-112,samdt927-112,samdt791-112,samdt633-112,samdt645-112,samdt641-112,samdt499-112,samdt763-112,samdt392-112,samdt740-112,samdt626-112,samdt1465-112,samdt796-112,hr2887-112,hconres94-112,samdt1456-112,samdt625-112,hr1540-112,samdt390-112,hr674-112,samdt792-112,samdt411-112,samdt769-112,hr2055-112,samdt610-112,samdt821-112,samdt476-112,samdt928-112,samdt857-112,samdt511-112,hr3080-112,samdt622-112,samdt753-112,samdt810-112,samdt600-112,hr3078-112,samdt510-112,hr1249-112,samdt602-112,samdt651-112,s1867-112,samdt775-112,hr2832-112,hr3672-112,samdt801-112,sjres10-112,,,,,,,,,,,,,,,,,,,,,,,,,,,
Hoeven (R-ND),s223-112,samdt183-112,samdt642-112,sres159-112,sres14-112,samdt650-112,hr3079-112,s990-112,samdt634-112,samdt860-112,samdt501-112,samdt182-112,hjres44-112,samdt521-112,samdt1414-112,samdt927-112,samdt115-112,s365-112,samdt633-112,samdt645-112,samdt641-112,samdt58-112,samdt499-112,samdt763-112,samdt216-112,samdt392-112,samdt740-112,hconres35-112,samdt626-112,samdt1465-112,samdt796-112,hr1-112,samdt917-112,hr2887-112,hconres94-112,sres116-112,samdt1456-112,samdt625-112,hr1540-112,samdt390-112,hr674-112,samdt792-112,samdt121-112,hr2608-112,samdt273-112,hr2055-112,s679-112,samdt193-112,samdt610-112,samdt821-112,samdt34-112,samdt281-112,hr2112-112,samdt928-112,samdt14-112,hr3080-112,samdt753-112,samdt810-112,s23-112,samdt600-112,hr3078-112,sres28-112,samdt510-112,hr1249-112,samdt602-112,samdt651-112,samdt1274-112,hconres36-112,hr514-112,s1867-112,hjres48-112,samdt8-112,sres29-112,samdt775-112,hr2832-112,hr4-112,hr3672-112,s1619-112,hr1473-112,sjres10-112,,
Hutchison (R-TX),s223-112,samdt183-112,samdt642-112,sres159-112,sres14-112,samdt650-112,hr3079-112,s990-112,samdt800-112,samdt634-112,samdt860-112,samdt501-112,samdt182-112,hjres44-112,samdt521-112,samdt1414-112,samdt286-112,samdt927-112,samdt115-112,samdt791-112,s365-112,samdt645-112,samdt641-112,samdt58-112,samdt499-112,samdt763-112,samdt216-112,samdt392-112,samdt740-112,hconres35-112,samdt626-112,samdt1465-112,samdt796-112,hr1-112,samdt917-112,hr2887-112,hconres94-112,sres116-112,samdt1456-112,samdt625-112,hr1540-112,samdt390-112,hr674-112,samdt792-112,samdt121-112,samdt411-112,samdt613-112,samdt273-112,hr2055-112,s679-112,samdt193-112,samdt610-112,samdt821-112,samdt34-112,samdt281-112,hr2112-112,samdt476-112,samdt928-112,samdt14-112,hr3080-112,samdt753-112,samdt810-112,s23-112,samdt600-112,hr3078-112,samdt510-112,hr1249-112,samdt651-112,samdt1274-112,hconres36-112,hr514-112,s1867-112,hjres48-112,samdt8-112,samdt775-112,hr4-112,hr3672-112,hr1473-112,sjres10-112,,,
Inhofe (R-OK),s223-112,samdt183-112,samdt642-112,sres159-112,sres14-112,samdt650-112,hr3079-112,s990-112,samdt800-112,samdt634-112,samdt860-112,samdt501-112,samdt182-112,hjres44-112,samdt1414-112,samdt927-112,samdt115-112,samdt645-112,samdt641-112,samdt58-112,samdt499-112,samdt763-112,samdt216-112,samdt392-112,samdt740-112,hconres35-112,samdt626-112,samdt1465-112,samdt796-112,hr1-112,samdt917-112,hr2887-112,hconres94-112,samdt1456-112,samdt625-112,hr1540-112,samdt390-112,hr674-112,samdt792-112,samdt121-112,samdt411-112,samdt613-112,samdt273-112,hr2055-112,samdt193-112,samdt610-112,samdt34-112,samdt281-112,samdt476-112,samdt928-112,samdt14-112,samdt511-112,hr3080-112,samdt622-112,samdt753-112,samdt810-112,s23-112,samdt600-112,hr3078-112,sres28-112,samdt510-112,hr1249-112,samdt651-112,samdt1274-112,hconres36-112,hr514-112,s1867-112,samdt8-112,samdt775-112,hr4-112,samdt801-112,sjres10-112,,,,,,,,,,
Inouye (D-HI),samdt750-112,s223-112,samdt149-112,sres159-112,sres14-112,s990-112,samdt182-112,hjres44-112,samdt1414-112,samdt286-112,samdt791-112,s365-112,samdt633-112,samdt58-112,samdt216-112,samdt1465-112,hr2887-112,sres116-112,samdt1456-112,hr1540-112,samdt121-112,hr2608-112,samdt284-112,hr2055-112,s679-112,samdt193-112,samdt34-112,samdt281-112,hr2112-112,samdt476-112,samdt857-112,samdt28-112,hr3080-112,s23-112,samdt879-112,hr3078-112,hr1249-112,samdt602-112,hr514-112,s1867-112,hjres48-112,samdt8-112,samdt775-112,hr2832-112,samdt869-112,hr3672-112,hr1473-112,,,,,,,,,,,,,,,,,,,,,,,,,,,,,,,,,,,
Isakson (R-GA),s223-112,samdt183-112,samdt642-112,sres159-112,sres14-112,samdt650-112,hr3079-112,s990-112,samdt634-112,samdt860-112,samdt501-112,samdt182-112,hjres44-112,samdt521-112,samdt1414-112,samdt927-112,samdt115-112,s365-112,samdt633-112,samdt645-112,samdt641-112,samdt58-112,samdt499-112,samdt763-112,samdt216-112,samdt740-112,hconres35-112,samdt626-112,samdt1465-112,samdt796-112,hr1-112,hr2887-112,hconres94-112,sres116-112,samdt1456-112,samdt625-112,hr1540-112,samdt390-112,hr674-112,samdt792-112,samdt121-112,samdt411-112,hr2608-112,samdt273-112,hr2055-112,samdt193-112,samdt610-112,samdt821-112,samdt34-112,samdt281-112,samdt476-112,samdt928-112,samdt857-112,samdt14-112,samdt511-112,hr3080-112,samdt622-112,samdt753-112,samdt810-112,s23-112,samdt600-112,hr3078-112,sres28-112,samdt510-112,hr1249-112,samdt651-112,samdt1274-112,hconres36-112,hr514-112,s1867-112,hjres48-112,samdt8-112,sres29-112,samdt775-112,hr2832-112,hr4-112,s1619-112,hr1473-112,samdt801-112,sjres10-112,,
Johanns (R-NE),s223-112,samdt183-112,samdt642-112,sres159-112,sres14-112,samdt650-112,hr3079-112,s990-112,samdt634-112,samdt860-112,samdt501-112,samdt182-112,hjres44-112,samdt521-112,samdt1414-112,samdt927-112,samdt115-112,samdt791-112,s365-112,samdt633-112,samdt645-112,samdt641-112,samdt58-112,samdt499-112,samdt763-112,samdt216-112,samdt392-112,samdt740-112,hconres35-112,samdt626-112,samdt1465-112,samdt796-112,hr1-112,samdt917-112,hr2887-112,hconres94-112,sres116-112,samdt1456-112,samdt625-112,hr1540-112,samdt390-112,hr674-112,samdt792-112,samdt121-112,hr2608-112,samdt273-112,hr2055-112,s679-112,samdt193-112,samdt610-112,samdt821-112,samdt34-112,samdt281-112,hr2112-112,samdt928-112,samdt14-112,hr3080-112,samdt622-112,samdt753-112,samdt810-112,s23-112,samdt600-112,hr3078-112,sres28-112,samdt510-112,hr1249-112,samdt651-112,samdt1274-112,hconres36-112,hr514-112,s1867-112,hjres48-112,samdt8-112,sres29-112,samdt775-112,hr2832-112,hr4-112,hr3672-112,s1619-112,hr1473-112,samdt801-112,sjres10-112
Johnson (D-SD),samdt750-112,s223-112,samdt149-112,sres159-112,sres14-112,hr3079-112,s990-112,sres21-112,samdt182-112,hjres44-112,samdt1414-112,samdt286-112,samdt927-112,samdt791-112,s365-112,samdt633-112,samdt1107-112,samdt236-112,samdt58-112,samdt216-112,samdt392-112,samdt1465-112,hr2887-112,sres116-112,samdt1456-112,hr1540-112,hr674-112,samdt121-112,hr2608-112,samdt284-112,samdt769-112,hr2055-112,sres10-112,s679-112,samdt193-112,samdt34-112,samdt281-112,hr2112-112,samdt857-112,samdt28-112,samdt215-112,hr3080-112,samdt1125-112,s23-112,samdt879-112,hr3078-112,samdt277-112,sres28-112,hr1249-112,samdt602-112,hr514-112,s1867-112,hjres48-112,samdt8-112,sres29-112,samdt775-112,hr2832-112,hr4-112,samdt869-112,hr3672-112,samdt1126-112,s1619-112,hr1473-112,,,,,,,,,,,,,,,,,,,
Johnson (R-WI),samdt183-112,samdt642-112,sres159-112,sres14-112,samdt650-112,hr3079-112,s990-112,samdt800-112,samdt634-112,samdt860-112,samdt501-112,samdt182-112,hjres44-112,samdt521-112,samdt1414-112,samdt927-112,samdt115-112,samdt791-112,samdt645-112,samdt641-112,samdt58-112,samdt499-112,samdt763-112,samdt216-112,samdt392-112,samdt740-112,hconres35-112,samdt626-112,samdt796-112,hr1-112,samdt917-112,hconres94-112,sres116-112,samdt1456-112,samdt625-112,hr1540-112,samdt390-112,hr674-112,samdt792-112,samdt121-112,samdt411-112,samdt595-112,samdt613-112,samdt273-112,hr2055-112,samdt193-112,samdt610-112,samdt821-112,samdt34-112,samdt281-112,samdt476-112,samdt928-112,samdt14-112,hr3080-112,samdt622-112,samdt753-112,samdt810-112,s23-112,samdt600-112,hr3078-112,sres28-112,samdt510-112,samdt651-112,samdt621-112,samdt1274-112,hconres36-112,hr514-112,s1867-112,hjres48-112,samdt8-112,sres29-112,samdt775-112,hr4-112,samdt801-112,sjres10-112,,,,,,,
Kerry (D-MA),samdt750-112,sres8-112,samdt149-112,sres159-112,sres14-112,hr3079-112,s990-112,samdt182-112,hjres44-112,samdt1414-112,samdt286-112,samdt927-112,samdt791-112,s365-112,samdt633-112,samdt1107-112,samdt216-112,samdt1465-112,samdt796-112,hr2887-112,sres116-112,samdt1456-112,hr1540-112,hr674-112,samdt121-112,hr2608-112,samdt284-112,samdt273-112,hr2055-112,s679-112,samdt193-112,samdt34-112,samdt281-112,hr2112-112,samdt476-112,samdt857-112,samdt28-112,hr3080-112,samdt1125-112,s23-112,samdt879-112,hr3078-112,sres28-112,hr1249-112,samdt602-112,s1867-112,hjres48-112,samdt8-112,sres29-112,samdt775-112,hr2832-112,hr4-112,samdt869-112,hr3672-112,samdt1126-112,s1619-112,hr1473-112,,,,,,,,,,,,,,,,,,,,,,,,,
Kirk (R-IL),s223-112,samdt183-112,samdt642-112,sres14-112,samdt650-112,hr3079-112,s990-112,samdt634-112,samdt860-112,samdt182-112,hjres44-112,samdt521-112,samdt1414-112,samdt286-112,samdt927-112,samdt115-112,samdt791-112,s365-112,samdt1107-112,samdt645-112,samdt641-112,samdt58-112,samdt499-112,samdt763-112,samdt216-112,samdt392-112,samdt740-112,hconres35-112,samdt626-112,samdt796-112,hr1-112,samdt917-112,hr2887-112,hconres94-112,sres116-112,samdt1456-112,samdt625-112,hr1540-112,samdt390-112,hr674-112,samdt792-112,samdt121-112,samdt273-112,hr2055-112,s679-112,samdt193-112,samdt610-112,samdt34-112,samdt281-112,hr2112-112,samdt928-112,samdt14-112,hr3080-112,samdt622-112,samdt1125-112,samdt810-112,s23-112,samdt600-112,hr3078-112,sres28-112,samdt510-112,hr1249-112,samdt651-112,hr514-112,s1867-112,hjres48-112,samdt8-112,sres29-112,samdt775-112,hr4-112,samdt1126-112,hr1473-112,sjres10-112,,,,,,,,,
Klobuchar (D-MN),samdt750-112,s223-112,samdt149-112,sres159-112,sres14-112,hr3079-112,s990-112,samdt1064-112,sres21-112,sjres24-112,samdt182-112,hjres44-112,samdt521-112,samdt1414-112,samdt286-112,samdt927-112,samdt791-112,s365-112,samdt633-112,samdt1107-112,samdt236-112,samdt58-112,samdt216-112,samdt1465-112,samdt796-112,hr2887-112,sres116-112,samdt1456-112,hr1540-112,samdt390-112,hr674-112,samdt121-112,hr2608-112,samdt769-112,samdt273-112,hr2055-112,sres10-112,s679-112,samdt193-112,samdt610-112,samdt34-112,samdt281-112,hr2112-112,samdt857-112,samdt28-112,hr3080-112,samdt1125-112,s23-112,samdt879-112,samdt277-112,sres28-112,hr1249-112,samdt602-112,hr514-112,s1867-112,hjres48-112,samdt8-112,sres29-112,samdt775-112,hr2832-112,hr4-112,samdt869-112,hr3672-112,s1619-112,hr1473-112,,,,,,,,,,,,,,,,,
Kohl (D-WI),samdt750-112,s223-112,sres8-112,sres159-112,sres14-112,hr3079-112,s990-112,sres21-112,sjres24-112,samdt182-112,hjres44-112,samdt1414-112,samdt286-112,samdt927-112,samdt115-112,samdt791-112,s365-112,samdt633-112,samdt58-112,samdt216-112,samdt1465-112,sres116-112,samdt1456-112,hr1540-112,hr674-112,samdt792-112,samdt121-112,hr2608-112,samdt284-112,samdt769-112,samdt273-112,hr2055-112,s679-112,samdt193-112,samdt281-112,hr2112-112,samdt857-112,samdt28-112,hr3080-112,samdt1125-112,s23-112,samdt879-112,sres28-112,hr1249-112,hr514-112,s1867-112,hjres48-112,samdt8-112,sres29-112,samdt775-112,hr2832-112,hr4-112,samdt869-112,hr3672-112,samdt1126-112,s1619-112,hr1473-112,,,,,,,,,,,,,,,,,,,,,,,,,
Kyl (R-AZ),s223-112,samdt183-112,samdt642-112,sres159-112,sres14-112,samdt650-112,hr3079-112,s990-112,samdt800-112,samdt634-112,samdt860-112,samdt501-112,samdt182-112,hjres44-112,samdt521-112,samdt1414-112,samdt927-112,samdt115-112,samdt791-112,s365-112,samdt645-112,samdt641-112,samdt58-112,samdt499-112,samdt763-112,samdt216-112,samdt392-112,samdt740-112,hconres35-112,samdt626-112,samdt1465-112,samdt796-112,hr1-112,samdt917-112,hr2887-112,hconres94-112,sres116-112,samdt625-112,hr1540-112,samdt390-112,hr674-112,samdt792-112,samdt121-112,samdt411-112,hr2608-112,samdt273-112,hr2055-112,s679-112,samdt193-112,samdt610-112,samdt821-112,samdt34-112,samdt281-112,hr2112-112,samdt476-112,samdt928-112,samdt14-112,hr3080-112,samdt622-112,samdt753-112,samdt810-112,s23-112,hr3078-112,sres28-112,hr1249-112,samdt651-112,samdt621-112,samdt1274-112,hconres36-112,hr514-112,s1867-112,hjres48-112,samdt8-112,sres29-112,samdt775-112,hr4-112,hr1473-112,samdt801-112,sjres10-112,,,
Landrieu (D-LA),samdt750-112,s223-112,samdt183-112,samdt149-112,sres159-112,sres14-112,hr3079-112,s990-112,sres21-112,samdt182-112,hjres44-112,samdt1414-112,samdt286-112,samdt927-112,samdt791-112,s365-112,samdt633-112,samdt58-112,samdt216-112,samdt1465-112,samdt796-112,hr2887-112,sres116-112,samdt1456-112,hr1540-112,hr674-112,samdt121-112,hr2608-112,hr2055-112,sres10-112,s679-112,samdt193-112,samdt34-112,samdt281-112,hr2112-112,samdt476-112,samdt857-112,samdt215-112,hr3080-112,s23-112,samdt879-112,hr3078-112,sres28-112,hr1249-112,samdt602-112,hr514-112,s1867-112,hjres48-112,samdt8-112,sres29-112,samdt775-112,hr2832-112,hr4-112,samdt869-112,hr3672-112,s1619-112,hr1473-112,,,,,,,,,,,,,,,,,,,,,,,,,
Lautenberg (D-NJ),samdt750-112,s223-112,sres8-112,samdt149-112,sres159-112,sres14-112,hr3079-112,samdt1064-112,sres21-112,samdt182-112,hjres44-112,samdt1414-112,samdt286-112,samdt927-112,samdt791-112,samdt633-112,samdt1107-112,samdt58-112,samdt216-112,samdt1465-112,hr2887-112,sres116-112,samdt1456-112,hr1540-112,hr674-112,samdt121-112,hr2608-112,samdt284-112,hr2055-112,sres10-112,s679-112,samdt193-112,samdt34-112,samdt281-112,hr2112-112,samdt476-112,samdt857-112,samdt28-112,hr3080-112,samdt1125-112,s23-112,sres28-112,hr1249-112,samdt602-112,s1867-112,hjres48-112,samdt8-112,sres29-112,samdt775-112,hr2832-112,samdt869-112,hr3672-112,samdt1126-112,s1619-112,hr1473-112,,,,,,,,,,,,,,,,,,,,,,,,,,,
Leahy (D-VT),samdt750-112,s223-112,samdt149-112,sres159-112,sres14-112,hr3079-112,samdt1064-112,sres21-112,samdt182-112,hjres44-112,samdt1414-112,samdt286-112,samdt927-112,s365-112,samdt633-112,samdt1107-112,samdt58-112,samdt216-112,hr2887-112,sres116-112,samdt1456-112,hr1540-112,hr674-112,samdt121-112,hr2608-112,samdt284-112,samdt769-112,hr2055-112,sres10-112,s679-112,samdt193-112,samdt34-112,samdt281-112,hr2112-112,samdt476-112,samdt857-112,samdt28-112,samdt1125-112,s23-112,samdt879-112,hr3078-112,sres28-112,hr1249-112,samdt602-112,hr514-112,s1867-112,hjres48-112,samdt8-112,sres29-112,samdt775-112,hr2832-112,samdt869-112,hr3672-112,samdt1126-112,s1619-112,,,,,,,,,,,,,,,,,,,,,,,,,,,
Lee (R-UT),samdt183-112,samdt642-112,sres159-112,sres14-112,samdt650-112,hr3079-112,samdt800-112,samdt634-112,samdt860-112,samdt501-112,samdt182-112,samdt521-112,samdt1414-112,samdt927-112,samdt115-112,samdt791-112,samdt645-112,samdt641-112,samdt58-112,samdt499-112,samdt763-112,samdt216-112,samdt392-112,samdt740-112,hconres35-112,samdt626-112,samdt1465-112,samdt796-112,samdt917-112,hconres94-112,samdt1456-112,samdt625-112,samdt390-112,hr674-112,samdt792-112,samdt121-112,samdt411-112,samdt595-112,samdt769-112,samdt613-112,samdt273-112,hr2055-112,samdt193-112,samdt610-112,samdt821-112,samdt34-112,samdt281-112,samdt476-112,samdt14-112,samdt511-112,hr3080-112,samdt622-112,samdt753-112,samdt1125-112,samdt810-112,s23-112,samdt600-112,hr3078-112,samdt510-112,samdt651-112,samdt621-112,hconres36-112,samdt8-112,samdt775-112,hr4-112,samdt1126-112,samdt801-112,sjres10-112,,,,,,,,,,,,,,
Levin (D-MI),samdt750-112,s223-112,sres159-112,sres14-112,hr3079-112,s990-112,samdt182-112,samdt1414-112,samdt286-112,samdt927-112,samdt791-112,s365-112,samdt633-112,samdt236-112,samdt58-112,samdt216-112,samdt1465-112,hr2887-112,sres116-112,samdt1456-112,hr1540-112,hr674-112,samdt121-112,hr2608-112,samdt284-112,samdt769-112,hr2055-112,sres10-112,s679-112,samdt193-112,samdt34-112,samdt281-112,hr2112-112,samdt857-112,samdt28-112,hr3080-112,s23-112,samdt879-112,sres28-112,hr1249-112,samdt602-112,hr514-112,s1867-112,samdt8-112,sres29-112,samdt775-112,hr2832-112,samdt869-112,hr3672-112,s1619-112,,,,,,,,,,,,,,,,,,,,,,,,,,,,,,,,
Lieberman (ID-CT),samdt750-112,s223-112,sres8-112,samdt149-112,sres159-112,sres14-112,samdt650-112,hr3079-112,s990-112,sres21-112,samdt634-112,samdt182-112,hjres44-112,samdt1414-112,samdt286-112,samdt927-112,samdt115-112,samdt791-112,s365-112,samdt633-112,samdt645-112,samdt58-112,samdt216-112,samdt626-112,samdt1465-112,samdt796-112,hr2887-112,sres116-112,samdt1456-112,hr1540-112,hr674-112,samdt792-112,samdt121-112,samdt411-112,hr2608-112,hr2055-112,sres10-112,s679-112,samdt193-112,samdt281-112,hr2112-112,samdt476-112,samdt857-112,hr3080-112,samdt753-112,s23-112,hr3078-112,sres28-112,hr1249-112,samdt602-112,samdt1274-112,hr514-112,s1867-112,hjres48-112,samdt8-112,sres29-112,samdt775-112,hr2832-112,hr4-112,samdt869-112,hr3672-112,hr1473-112,samdt801-112,,,,,,,,,,,,,,,,,,,
Lugar (R-IN),s223-112,samdt183-112,samdt642-112,sres159-112,sres14-112,samdt650-112,hr3079-112,s990-112,samdt634-112,samdt860-112,samdt182-112,hjres44-112,samdt521-112,samdt1414-112,samdt927-112,samdt115-112,samdt791-112,s365-112,samdt645-112,samdt58-112,samdt499-112,samdt763-112,samdt216-112,samdt740-112,hconres35-112,samdt626-112,samdt1465-112,samdt796-112,hr1-112,samdt917-112,hr2887-112,hconres94-112,sres116-112,samdt1456-112,samdt625-112,hr1540-112,samdt390-112,hr674-112,samdt792-112,samdt121-112,hr2608-112,samdt273-112,hr2055-112,s679-112,samdt193-112,samdt610-112,samdt821-112,samdt34-112,samdt281-112,samdt928-112,samdt14-112,hr3080-112,samdt753-112,s23-112,hr3078-112,sres28-112,samdt510-112,hr1249-112,samdt651-112,samdt1274-112,hconres36-112,hr514-112,s1867-112,hjres48-112,samdt8-112,sres29-112,samdt775-112,hr2832-112,hr4-112,hr1473-112,sjres10-112,,,,,,,,,,,
Manchin (D-WV),samdt750-112,s223-112,samdt183-112,sres159-112,sres14-112,s990-112,samdt1064-112,sres21-112,sjres24-112,samdt634-112,samdt860-112,samdt182-112,hjres44-112,samdt521-112,samdt1414-112,samdt286-112,samdt927-112,samdt115-112,samdt791-112,s365-112,samdt633-112,samdt58-112,samdt499-112,samdt216-112,samdt392-112,samdt796-112,hr2887-112,sres116-112,samdt1456-112,hr1540-112,samdt390-112,hr674-112,samdt792-112,samdt121-112,samdt411-112,hr2608-112,samdt273-112,hr2055-112,sres10-112,s679-112,samdt193-112,samdt610-112,samdt34-112,samdt281-112,hr2112-112,samdt476-112,samdt857-112,samdt28-112,samdt215-112,samdt511-112,s23-112,samdt879-112,samdt600-112,sres28-112,hr1249-112,samdt602-112,samdt1274-112,hr514-112,s1867-112,hjres48-112,samdt8-112,sres29-112,samdt775-112,hr2832-112,hr4-112,samdt869-112,hr3672-112,s1619-112,hr1473-112,,,,,,,,,,,,,
McCain (R-AZ),samdt183-112,samdt642-112,sres159-112,sres14-112,samdt650-112,hr3079-112,s990-112,samdt634-112,samdt860-112,samdt501-112,samdt182-112,hjres44-112,samdt521-112,samdt1414-112,samdt115-112,samdt791-112,s365-112,samdt645-112,samdt641-112,samdt58-112,samdt499-112,samdt216-112,samdt392-112,samdt740-112,hconres35-112,samdt626-112,samdt1465-112,samdt796-112,hr1-112,samdt917-112,hr2887-112,hconres94-112,sres116-112,samdt1456-112,samdt625-112,hr1540-112,samdt390-112,samdt792-112,samdt121-112,samdt411-112,hr2608-112,samdt769-112,samdt273-112,hr2055-112,s679-112,samdt193-112,samdt610-112,samdt34-112,samdt281-112,samdt476-112,samdt14-112,hr3080-112,samdt622-112,samdt753-112,samdt810-112,s23-112,samdt600-112,hr3078-112,samdt510-112,samdt651-112,samdt621-112,hconres36-112,hr514-112,s1867-112,hjres48-112,samdt8-112,samdt775-112,hr4-112,hr1473-112,sjres10-112,,,,,,,,,,,,
McCaskill (D-MO),samdt750-112,s223-112,sres159-112,sres14-112,hr3079-112,s990-112,samdt1064-112,sres21-112,sjres24-112,samdt182-112,hjres44-112,samdt521-112,samdt1414-112,samdt286-112,samdt927-112,samdt115-112,samdt791-112,s365-112,samdt633-112,samdt645-112,samdt58-112,samdt216-112,samdt392-112,samdt740-112,samdt1465-112,samdt796-112,hr2887-112,sres116-112,samdt1456-112,hr1540-112,hr674-112,samdt792-112,samdt121-112,hr2608-112,samdt595-112,samdt769-112,samdt273-112,hr2055-112,sres10-112,s679-112,samdt193-112,samdt610-112,samdt34-112,samdt281-112,hr2112-112,samdt857-112,samdt28-112,samdt215-112,hr3080-112,samdt810-112,s23-112,samdt879-112,samdt600-112,sres28-112,samdt602-112,hr514-112,s1867-112,hjres48-112,samdt8-112,sres29-112,samdt775-112,hr2832-112,hr4-112,samdt869-112,hr3672-112,samdt1126-112,hr1473-112,samdt801-112,,,,,,,,,,,,,,
McConnell (R-KY),s223-112,samdt183-112,samdt642-112,sres159-112,sres14-112,samdt650-112,hr3079-112,s990-112,samdt634-112,samdt860-112,samdt501-112,samdt182-112,hjres44-112,samdt521-112,samdt1414-112,samdt927-112,samdt115-112,samdt791-112,s365-112,samdt645-112,samdt641-112,samdt58-112,samdt499-112,samdt763-112,samdt216-112,samdt392-112,samdt740-112,hconres35-112,samdt626-112,samdt1465-112,samdt796-112,hr1-112,samdt917-112,hr2887-112,hconres94-112,sres116-112,samdt1456-112,samdt625-112,hr1540-112,samdt390-112,hr674-112,samdt792-112,samdt121-112,samdt411-112,hr2608-112,samdt273-112,hr2055-112,s679-112,samdt193-112,samdt610-112,samdt821-112,samdt34-112,samdt281-112,hr2112-112,samdt476-112,samdt928-112,samdt14-112,hr3080-112,samdt622-112,samdt753-112,samdt810-112,s23-112,samdt600-112,hr3078-112,sres28-112,samdt510-112,hr1249-112,samdt651-112,samdt1274-112,hconres36-112,hr514-112,s1867-112,hjres48-112,samdt8-112,sres29-112,samdt775-112,hr4-112,hr1473-112,samdt801-112,sjres10-112,,
Menendez (D-NJ),samdt750-112,s223-112,samdt149-112,sres159-112,sres14-112,hr3079-112,samdt1064-112,sres21-112,samdt634-112,samdt182-112,hjres44-112,samdt1414-112,samdt286-112,samdt927-112,samdt791-112,samdt633-112,samdt1107-112,samdt58-112,samdt216-112,samdt1465-112,hr2887-112,sres116-112,samdt1456-112,hr1540-112,hr674-112,samdt121-112,hr2608-112,samdt284-112,hr2055-112,sres10-112,s679-112,samdt193-112,samdt281-112,hr2112-112,samdt476-112,samdt857-112,samdt28-112,hr3080-112,samdt1125-112,s23-112,samdt879-112,sres28-112,hr1249-112,samdt602-112,hr514-112,s1867-112,hjres48-112,samdt8-112,sres29-112,samdt775-112,hr2832-112,hr4-112,samdt869-112,hr3672-112,samdt1126-112,s1619-112,hr1473-112,,,,,,,,,,,,,,,,,,,,,,,,,
Merkley (D-OR),samdt750-112,s223-112,samdt149-112,sres159-112,sres14-112,samdt1064-112,sres21-112,samdt182-112,hjres44-112,samdt521-112,samdt1414-112,samdt286-112,samdt927-112,samdt791-112,samdt633-112,samdt1107-112,samdt58-112,samdt216-112,samdt1465-112,hr2887-112,sres116-112,samdt1456-112,hr674-112,samdt121-112,hr2608-112,samdt284-112,samdt769-112,hr2055-112,sres10-112,s679-112,samdt193-112,samdt34-112,samdt281-112,hr2112-112,samdt476-112,samdt857-112,samdt28-112,samdt1125-112,s23-112,samdt879-112,sres28-112,hr1249-112,samdt602-112,hjres48-112,samdt8-112,sres29-112,samdt775-112,hr2832-112,hr4-112,samdt869-112,hr3672-112,samdt1126-112,s1619-112,hr1473-112,,,,,,,,,,,,,,,,,,,,,,,,,,,,
Mikulski (D-MD),samdt750-112,s223-112,sres8-112,samdt149-112,sres159-112,sres14-112,s990-112,sres21-112,samdt182-112,hjres44-112,samdt1414-112,samdt286-112,samdt927-112,samdt791-112,s365-112,samdt633-112,samdt1107-112,samdt58-112,samdt216-112,samdt392-112,samdt1465-112,hr2887-112,sres116-112,samdt1456-112,hr1540-112,hr674-112,hr2608-112,samdt284-112,hr2055-112,sres10-112,s679-112,samdt193-112,samdt34-112,samdt281-112,hr2112-112,samdt476-112,samdt857-112,samdt28-112,hr3080-112,samdt1125-112,s23-112,samdt879-112,sres28-112,hr1249-112,samdt602-112,hr514-112,s1867-112,hjres48-112,samdt8-112,sres29-112,samdt775-112,hr2832-112,samdt869-112,hr3672-112,samdt1126-112,s1619-112,hr1473-112,,,,,,,,,,,,,,,,,,,,,,,,,
Moran (R-KS),s223-112,samdt183-112,samdt642-112,sres159-112,sres14-112,samdt650-112,hr3079-112,s990-112,samdt634-112,samdt860-112,samdt501-112,samdt182-112,hjres44-112,samdt521-112,samdt1414-112,samdt927-112,samdt115-112,samdt633-112,samdt645-112,samdt641-112,samdt58-112,samdt763-112,samdt216-112,samdt392-112,samdt740-112,hconres35-112,samdt626-112,samdt796-112,hr1-112,samdt917-112,hr2887-112,hconres94-112,sres116-112,samdt1456-112,samdt625-112,samdt390-112,hr674-112,samdt792-112,samdt121-112,samdt613-112,samdt273-112,hr2055-112,samdt193-112,samdt610-112,samdt821-112,samdt34-112,samdt281-112,hr2112-112,samdt928-112,samdt14-112,samdt511-112,hr3080-112,samdt622-112,samdt753-112,samdt810-112,s23-112,samdt600-112,hr3078-112,sres28-112,hr1249-112,samdt651-112,samdt1274-112,hconres36-112,hr514-112,s1867-112,hjres48-112,samdt8-112,sres29-112,samdt775-112,hr2832-112,hr4-112,hr3672-112,samdt1126-112,hr1473-112,sjres10-112,,,,,,,
Murkowski (R-AK),s223-112,samdt183-112,samdt642-112,sres159-112,sres14-112,samdt650-112,hr3079-112,samdt634-112,samdt501-112,samdt182-112,hjres44-112,samdt521-112,samdt1414-112,samdt286-112,samdt927-112,samdt115-112,samdt791-112,s365-112,samdt633-112,samdt645-112,samdt641-112,samdt58-112,samdt499-112,samdt763-112,samdt216-112,samdt392-112,samdt740-112,hconres35-112,samdt626-112,samdt1465-112,samdt796-112,hr1-112,samdt917-112,hr2887-112,hconres94-112,sres116-112,samdt1456-112,samdt625-112,hr1540-112,samdt390-112,hr674-112,samdt792-112,samdt121-112,samdt411-112,samdt769-112,samdt273-112,hr2055-112,s679-112,samdt193-112,samdt610-112,samdt821-112,samdt34-112,samdt281-112,hr2112-112,samdt476-112,samdt857-112,samdt14-112,hr3080-112,samdt753-112,samdt810-112,s23-112,samdt600-112,hr3078-112,sres28-112,hr1249-112,samdt602-112,samdt651-112,samdt1274-112,hr514-112,s1867-112,hjres48-112,samdt8-112,sres29-112,samdt775-112,hr2832-112,hr4-112,hr3672-112,hr1473-112,samdt801-112,sjres10-112,,
Murray (D-WA),samdt750-112,s223-112,samdt149-112,sres159-112,sres14-112,hr3079-112,samdt1064-112,sres21-112,samdt182-112,samdt1414-112,samdt286-112,samdt927-112,samdt791-112,s365-112,samdt633-112,samdt1107-112,samdt58-112,samdt216-112,samdt1465-112,hr2887-112,sres116-112,samdt1456-112,hr1540-112,hr674-112,samdt121-112,hr2608-112,samdt284-112,samdt595-112,hr2055-112,sres10-112,s679-112,samdt193-112,samdt34-112,samdt281-112,hr2112-112,samdt476-112,samdt857-112,samdt28-112,hr3080-112,samdt1125-112,s23-112,samdt879-112,hr3078-112,sres28-112,hr1249-112,samdt602-112,s1867-112,samdt8-112,sres29-112,samdt775-112,hr2832-112,samdt869-112,hr3672-112,samdt1126-112,hr1473-112,,,,,,,,,,,,,,,,,,,,,,,,,,,
Nelson (D-FL),samdt750-112,s223-112,sres159-112,sres14-112,hr3079-112,s990-112,sres21-112,sjres24-112,samdt634-112,samdt182-112,hjres44-112,samdt521-112,samdt1414-112,samdt286-112,samdt927-112,samdt115-112,samdt791-112,s365-112,samdt633-112,samdt1107-112,samdt58-112,samdt216-112,samdt392-112,samdt1465-112,samdt796-112,hr2887-112,sres116-112,samdt1456-112,hr1540-112,hr674-112,samdt792-112,samdt121-112,hr2608-112,samdt769-112,samdt273-112,hr2055-112,sres10-112,s679-112,samdt193-112,samdt34-112,samdt281-112,hr2112-112,samdt476-112,samdt857-112,samdt28-112,hr3080-112,samdt1125-112,s23-112,samdt879-112,hr3078-112,sres28-112,hr1249-112,samdt602-112,hr514-112,s1867-112,hjres48-112,samdt8-112,sres29-112,samdt775-112,hr2832-112,hr4-112,samdt869-112,hr3672-112,samdt1126-112,s1619-112,hr1473-112,,,,,,,,,,,,,,,,
Nelson (D-NE),samdt750-112,s223-112,samdt183-112,sres159-112,sres14-112,hr3079-112,s990-112,samdt1064-112,sres21-112,sjres24-112,samdt182-112,hjres44-112,samdt521-112,samdt1414-112,samdt286-112,samdt927-112,samdt115-112,samdt791-112,samdt633-112,samdt58-112,samdt499-112,samdt763-112,samdt216-112,samdt392-112,samdt1465-112,samdt796-112,hr2887-112,hconres94-112,sres116-112,samdt1456-112,hr1540-112,samdt390-112,hr674-112,samdt792-112,samdt121-112,hr2608-112,samdt769-112,samdt613-112,samdt273-112,hr2055-112,sres10-112,s679-112,samdt193-112,samdt610-112,samdt34-112,samdt281-112,hr2112-112,samdt857-112,samdt215-112,samdt511-112,hr3080-112,samdt753-112,s23-112,samdt879-112,hr3078-112,sres28-112,hr1249-112,samdt602-112,hr514-112,s1867-112,hjres48-112,samdt8-112,sres29-112,samdt775-112,hr2832-112,hr4-112,samdt869-112,hr3672-112,s1619-112,hr1473-112,,,,,,,,,,,,
Paul (R-KY),samdt183-112,samdt642-112,sres159-112,sres14-112,hr3079-112,samdt1064-112,samdt800-112,samdt860-112,samdt501-112,samdt182-112,samdt521-112,samdt1414-112,samdt115-112,samdt791-112,samdt1107-112,samdt645-112,samdt641-112,samdt58-112,samdt499-112,samdt763-112,samdt216-112,samdt392-112,samdt740-112,hconres35-112,samdt796-112,samdt917-112,samdt1456-112,samdt625-112,samdt390-112,hr674-112,samdt792-112,samdt121-112,samdt411-112,samdt769-112,samdt613-112,samdt273-112,hr2055-112,samdt193-112,samdt610-112,samdt821-112,samdt34-112,samdt281-112,samdt476-112,samdt928-112,samdt14-112,samdt511-112,hr3080-112,samdt622-112,samdt1125-112,samdt810-112,s23-112,samdt600-112,hr3078-112,samdt510-112,samdt621-112,hconres36-112,samdt775-112,hr4-112,samdt1126-112,samdt801-112,sjres10-112,,,,,,,,,,,,,,,,,,,,,
Portman (R-OH),s223-112,samdt183-112,sres159-112,sres14-112,samdt650-112,hr3079-112,s990-112,samdt634-112,samdt860-112,samdt501-112,samdt182-112,hjres44-112,samdt521-112,samdt1414-112,samdt927-112,samdt115-112,samdt791-112,s365-112,samdt633-112,samdt645-112,samdt641-112,samdt58-112,samdt499-112,samdt763-112,samdt216-112,samdt392-112,samdt740-112,hconres35-112,samdt626-112,samdt1465-112,samdt796-112,hr1-112,samdt917-112,hr2887-112,hconres94-112,sres116-112,samdt1456-112,samdt625-112,hr1540-112,samdt390-112,hr674-112,samdt792-112,samdt121-112,samdt411-112,hr2608-112,samdt273-112,hr2055-112,s679-112,samdt193-112,samdt610-112,samdt821-112,samdt34-112,samdt281-112,samdt928-112,samdt14-112,hr3080-112,samdt622-112,samdt753-112,samdt810-112,s23-112,samdt600-112,hr3078-112,sres28-112,samdt510-112,hr1249-112,samdt1274-112,hconres36-112,hr514-112,s1867-112,hjres48-112,samdt8-112,sres29-112,samdt775-112,hr2832-112,hr4-112,s1619-112,hr1473-112,samdt801-112,sjres10-112,,,
Pryor (D-AR),samdt750-112,s223-112,samdt183-112,samdt149-112,sres159-112,sres14-112,hr3079-112,s990-112,samdt182-112,hjres44-112,samdt521-112,samdt1414-112,samdt286-112,samdt927-112,s365-112,samdt633-112,samdt216-112,samdt626-112,samdt1465-112,hr2887-112,sres116-112,samdt1456-112,hr1540-112,samdt390-112,hr674-112,samdt121-112,hr2608-112,samdt595-112,samdt769-112,hr2055-112,s679-112,samdt193-112,samdt34-112,samdt281-112,hr2112-112,samdt476-112,samdt857-112,samdt215-112,hr3080-112,s23-112,samdt879-112,hr3078-112,samdt277-112,sres28-112,hr1249-112,samdt602-112,samdt1274-112,s1867-112,hjres48-112,samdt8-112,sres29-112,samdt775-112,hr2832-112,hr4-112,samdt869-112,hr3672-112,s1619-112,hr1473-112,,,,,,,,,,,,,,,,,,,,,,,,
Reed (D-RI),samdt750-112,s223-112,samdt149-112,sres159-112,sres14-112,s990-112,sres21-112,samdt182-112,hjres44-112,samdt1414-112,samdt286-112,samdt927-112,samdt791-112,s365-112,samdt633-112,samdt58-112,samdt216-112,samdt1465-112,hr2887-112,sres116-112,samdt1456-112,hr1540-112,hr674-112,samdt121-112,hr2608-112,samdt284-112,samdt769-112,hr2055-112,s679-112,samdt193-112,samdt34-112,samdt281-112,hr2112-112,samdt476-112,samdt857-112,samdt28-112,samdt1125-112,s23-112,samdt879-112,sres28-112,hr1249-112,samdt602-112,hr514-112,s1867-112,hjres48-112,samdt8-112,sres29-112,samdt775-112,hr2832-112,hr4-112,samdt869-112,hr3672-112,s1619-112,hr1473-112,,,,,,,,,,,,,,,,,,,,,,,,,,,,
Reid (D-NV),samdt750-112,s223-112,samdt149-112,sres159-112,sres14-112,s990-112,samdt182-112,hjres44-112,samdt1414-112,samdt286-112,samdt927-112,samdt791-112,s365-112,samdt633-112,samdt1107-112,samdt58-112,samdt216-112,samdt1465-112,hr2887-112,sres116-112,samdt1456-112,hr1540-112,hr674-112,samdt121-112,hr2608-112,samdt284-112,hr2055-112,s679-112,samdt193-112,samdt34-112,samdt281-112,hr2112-112,samdt476-112,samdt857-112,samdt28-112,samdt1125-112,s23-112,samdt879-112,sres28-112,hr1249-112,samdt602-112,hr514-112,s1867-112,hjres48-112,samdt8-112,sres29-112,samdt775-112,hr2832-112,samdt869-112,hr3672-112,samdt1126-112,s1619-112,hr1473-112,,,,,,,,,,,,,,,,,,,,,,,,,,,,,
Risch (R-ID),samdt183-112,samdt642-112,sres159-112,sres14-112,samdt650-112,hr3079-112,s990-112,samdt634-112,samdt860-112,samdt501-112,samdt182-112,samdt521-112,samdt1414-112,samdt927-112,samdt115-112,samdt791-112,s365-112,samdt645-112,samdt641-112,samdt58-112,samdt499-112,samdt763-112,samdt216-112,samdt392-112,samdt740-112,hconres35-112,samdt626-112,samdt1465-112,samdt796-112,hr1-112,samdt917-112,hr2887-112,hconres94-112,samdt1456-112,samdt625-112,samdt390-112,hr674-112,samdt792-112,samdt121-112,samdt411-112,samdt273-112,hr2055-112,samdt193-112,samdt610-112,samdt821-112,samdt34-112,samdt281-112,samdt476-112,samdt928-112,samdt14-112,samdt511-112,hr3080-112,samdt622-112,samdt753-112,samdt810-112,samdt600-112,hr3078-112,sres28-112,samdt510-112,hr1249-112,samdt651-112,samdt621-112,samdt1274-112,hconres36-112,hr514-112,s1867-112,samdt8-112,samdt775-112,s1619-112,samdt801-112,sjres10-112,,,,,,,,,,,
Roberts (R-KS),s223-112,samdt183-112,samdt642-112,sres159-112,sres14-112,samdt650-112,hr3079-112,samdt634-112,samdt860-112,samdt501-112,samdt182-112,hjres44-112,samdt521-112,samdt1414-112,samdt927-112,samdt115-112,s365-112,samdt645-112,samdt641-112,samdt58-112,samdt499-112,samdt763-112,samdt216-112,samdt392-112,samdt740-112,hconres35-112,samdt626-112,samdt1465-112,samdt796-112,hr1-112,samdt917-112,hr2887-112,hconres94-112,sres116-112,samdt1456-112,samdt625-112,hr1540-112,samdt390-112,hr674-112,samdt792-112,samdt121-112,hr2608-112,samdt613-112,samdt273-112,hr2055-112,s679-112,samdt193-112,samdt610-112,samdt821-112,samdt34-112,samdt281-112,hr2112-112,samdt928-112,samdt14-112,samdt511-112,hr3080-112,samdt622-112,samdt753-112,samdt810-112,s23-112,hr3078-112,sres28-112,samdt510-112,hr1249-112,samdt651-112,samdt1274-112,hconres36-112,hr514-112,s1867-112,hjres48-112,samdt8-112,sres29-112,samdt775-112,hr4-112,hr3672-112,hr1473-112,sjres10-112,,,,,
Rockefeller (D-WV),samdt750-112,s223-112,samdt149-112,sres159-112,s990-112,samdt1064-112,sres21-112,hjres44-112,samdt1414-112,samdt286-112,samdt927-112,samdt791-112,s365-112,samdt633-112,samdt1107-112,samdt58-112,samdt1465-112,hr2887-112,sres116-112,samdt1456-112,hr1540-112,hr674-112,samdt121-112,samdt411-112,hr2608-112,samdt284-112,samdt769-112,hr2055-112,sres10-112,s679-112,samdt34-112,samdt281-112,hr2112-112,samdt476-112,samdt857-112,samdt28-112,samdt215-112,samdt1125-112,s23-112,samdt879-112,sres28-112,samdt602-112,hr514-112,s1867-112,samdt8-112,sres29-112,samdt775-112,hr2832-112,hr4-112,samdt869-112,hr3672-112,samdt1126-112,s1619-112,hr1473-112,,,,,,,,,,,,,,,,,,,,,,,,,,,,
Rubio (R-FL),s223-112,samdt183-112,samdt642-112,sres159-112,sres14-112,samdt650-112,hr3079-112,samdt634-112,samdt860-112,samdt501-112,samdt182-112,hjres44-112,samdt521-112,samdt1414-112,samdt927-112,samdt115-112,samdt791-112,samdt645-112,samdt641-112,samdt58-112,samdt499-112,samdt763-112,samdt216-112,samdt392-112,samdt740-112,hconres35-112,samdt626-112,samdt1465-112,samdt796-112,hr1-112,samdt917-112,hconres94-112,sres116-112,samdt1456-112,samdt625-112,hr1540-112,samdt390-112,hr674-112,samdt792-112,samdt121-112,samdt411-112,samdt273-112,hr2055-112,samdt193-112,samdt610-112,samdt821-112,samdt34-112,samdt281-112,samdt476-112,samdt928-112,samdt14-112,samdt511-112,hr3080-112,samdt753-112,s23-112,samdt600-112,hr3078-112,sres28-112,samdt510-112,samdt602-112,samdt651-112,samdt1274-112,hconres36-112,hr514-112,s1867-112,samdt8-112,samdt775-112,hr4-112,hr3672-112,samdt801-112,sjres10-112,,,,,,,,,,,
Sanders (I-VT),samdt750-112,sres159-112,sres14-112,samdt1064-112,sres21-112,samdt182-112,samdt1414-112,samdt286-112,samdt927-112,samdt791-112,samdt633-112,samdt1107-112,samdt58-112,samdt216-112,hr2887-112,sres116-112,samdt1456-112,hr674-112,samdt121-112,hr2608-112,samdt284-112,samdt769-112,hr2055-112,sres10-112,s679-112,samdt193-112,samdt34-112,samdt281-112,hr2112-112,samdt476-112,samdt857-112,samdt28-112,samdt1125-112,s23-112,samdt879-112,sres28-112,hr1249-112,samdt602-112,samdt8-112,sres29-112,samdt775-112,hr2832-112,samdt869-112,hr3672-112,samdt1126-112,s1619-112,,,,,,,,,,,,,,,,,,,,,,,,,,,,,,,,,,,,
Schumer (D-NY),samdt750-112,s223-112,samdt149-112,sres159-112,sres14-112,hr3079-112,sres21-112,samdt182-112,hjres44-112,samdt1414-112,samdt286-112,samdt927-112,samdt791-112,s365-112,samdt633-112,samdt1107-112,samdt58-112,samdt216-112,samdt392-112,samdt1465-112,samdt796-112,hr2887-112,sres116-112,samdt1456-112,hr1540-112,hr674-112,samdt121-112,hr2608-112,samdt284-112,hr2055-112,sres10-112,s679-112,samdt193-112,samdt34-112,samdt281-112,hr2112-112,samdt476-112,samdt857-112,samdt28-112,hr3080-112,samdt1125-112,s23-112,samdt879-112,sres28-112,hr1249-112,samdt602-112,hr514-112,s1867-112,hjres48-112,samdt8-112,sres29-112,samdt775-112,hr2832-112,samdt869-112,hr3672-112,samdt1126-112,s1619-112,hr1473-112,,,,,,,,,,,,,,,,,,,,,,,,
Sessions (R-AL),s223-112,samdt183-112,samdt642-112,sres159-112,sres14-112,samdt650-112,hr3079-112,s990-112,samdt634-112,samdt860-112,samdt501-112,hjres44-112,samdt521-112,samdt1414-112,samdt115-112,samdt791-112,samdt645-112,samdt641-112,samdt58-112,samdt499-112,samdt763-112,samdt216-112,samdt392-112,samdt740-112,hconres35-112,samdt626-112,samdt796-112,hr1-112,samdt917-112,hr2887-112,hconres94-112,sres116-112,samdt1456-112,samdt625-112,hr1540-112,samdt390-112,samdt792-112,samdt121-112,samdt411-112,hr2608-112,samdt595-112,samdt769-112,samdt613-112,samdt273-112,hr2055-112,s679-112,samdt193-112,samdt610-112,samdt821-112,samdt34-112,samdt281-112,samdt476-112,samdt14-112,samdt511-112,hr3080-112,samdt622-112,samdt753-112,samdt810-112,s23-112,samdt600-112,hr3078-112,sres28-112,samdt510-112,hr1249-112,samdt1274-112,hconres36-112,hr514-112,s1867-112,hjres48-112,samdt8-112,samdt775-112,hr4-112,hr3672-112,s1619-112,hr1473-112,samdt801-112,sjres10-112,,,,,
Shaheen (D-NH),samdt750-112,s223-112,sres8-112,samdt149-112,sres159-112,sres14-112,hr3079-112,s990-112,sres21-112,samdt182-112,hjres44-112,samdt521-112,samdt1414-112,samdt286-112,samdt927-112,samdt791-112,s365-112,samdt633-112,samdt58-112,samdt216-112,samdt1465-112,hr2887-112,sres116-112,samdt1456-112,hr1540-112,samdt390-112,hr674-112,samdt121-112,hr2608-112,samdt284-112,samdt769-112,samdt273-112,hr2055-112,sres10-112,s679-112,samdt193-112,samdt34-112,samdt281-112,hr2112-112,samdt476-112,samdt857-112,samdt28-112,hr3080-112,samdt1125-112,s23-112,samdt879-112,hr3078-112,sres28-112,hr1249-112,samdt602-112,hr514-112,s1867-112,hjres48-112,samdt8-112,sres29-112,samdt775-112,hr2832-112,hr4-112,samdt869-112,hr3672-112,samdt1126-112,hr1473-112,samdt801-112,,,,,,,,,,,,,,,,,,,
Shelby (R-AL),s223-112,samdt183-112,samdt642-112,sres159-112,sres14-112,samdt650-112,hr3079-112,s990-112,samdt634-112,samdt860-112,samdt501-112,samdt182-112,hjres44-112,samdt521-112,samdt1414-112,samdt927-112,samdt115-112,samdt791-112,samdt633-112,samdt645-112,samdt641-112,samdt58-112,samdt499-112,samdt763-112,samdt216-112,samdt392-112,samdt740-112,hconres35-112,samdt626-112,samdt796-112,hr1-112,samdt917-112,hr2887-112,hconres94-112,sres116-112,samdt1456-112,samdt625-112,hr1540-112,samdt390-112,hr674-112,samdt792-112,samdt411-112,hr2608-112,samdt769-112,samdt613-112,samdt273-112,hr2055-112,s679-112,samdt193-112,samdt610-112,samdt821-112,samdt34-112,samdt281-112,hr2112-112,samdt476-112,samdt928-112,samdt14-112,hr3080-112,samdt622-112,samdt753-112,samdt810-112,s23-112,samdt879-112,samdt600-112,hr3078-112,sres28-112,samdt510-112,hr1249-112,samdt1274-112,hconres36-112,hr514-112,s1867-112,hjres48-112,samdt8-112,sres29-112,samdt775-112,hr4-112,hr3672-112,s1619-112,samdt801-112,sjres10-112,
Snowe (R-ME),samdt750-112,s223-112,samdt183-112,sres159-112,sres14-112,samdt650-112,hr3079-112,s990-112,samdt1064-112,samdt634-112,samdt860-112,samdt501-112,samdt182-112,hjres44-112,samdt521-112,samdt1414-112,samdt115-112,samdt791-112,s365-112,samdt633-112,samdt58-112,samdt499-112,samdt763-112,samdt216-112,hconres35-112,samdt1465-112,samdt796-112,hr1-112,samdt917-112,hr2887-112,hconres94-112,sres116-112,samdt1456-112,hr1540-112,samdt390-112,samdt792-112,samdt121-112,samdt411-112,hr2608-112,samdt769-112,samdt273-112,hr2055-112,s679-112,samdt193-112,samdt610-112,samdt34-112,samdt281-112,hr2112-112,samdt476-112,samdt857-112,samdt14-112,samdt511-112,samdt753-112,s23-112,samdt879-112,samdt600-112,sres28-112,samdt510-112,hr1249-112,samdt602-112,hr514-112,s1867-112,hjres48-112,samdt8-112,sres29-112,samdt775-112,hr2832-112,hr4-112,samdt869-112,hr3672-112,s1619-112,hr1473-112,sjres10-112,,,,,,,,,
Stabenow (D-MI),samdt750-112,s223-112,samdt149-112,sres159-112,sres14-112,s990-112,sres21-112,sjres24-112,samdt182-112,hjres44-112,samdt521-112,samdt1414-112,samdt286-112,samdt927-112,s365-112,samdt633-112,samdt58-112,samdt216-112,samdt392-112,samdt1465-112,hr2887-112,sres116-112,samdt1456-112,hr1540-112,hr674-112,samdt121-112,hr2608-112,samdt284-112,samdt769-112,hr2055-112,sres10-112,s679-112,samdt193-112,samdt34-112,samdt281-112,hr2112-112,samdt857-112,samdt28-112,hr3080-112,s23-112,samdt879-112,samdt600-112,samdt277-112,sres28-112,hr1249-112,samdt602-112,hr514-112,s1867-112,hjres48-112,samdt8-112,sres29-112,samdt775-112,hr2832-112,hr4-112,samdt869-112,hr3672-112,s1619-112,hr1473-112,,,,,,,,,,,,,,,,,,,,,,,,
Tester (D-MT),samdt750-112,s223-112,samdt149-112,sres159-112,sres14-112,samdt1064-112,sres21-112,sjres24-112,samdt501-112,samdt182-112,hjres44-112,samdt521-112,samdt1414-112,samdt286-112,samdt927-112,samdt791-112,s365-112,samdt633-112,samdt1107-112,samdt58-112,samdt216-112,samdt392-112,samdt1465-112,hr2887-112,sres116-112,samdt1456-112,hr1540-112,samdt390-112,hr674-112,samdt792-112,samdt121-112,hr2608-112,samdt769-112,samdt273-112,hr2055-112,sres10-112,s679-112,samdt193-112,samdt610-112,samdt34-112,samdt281-112,hr2112-112,samdt476-112,samdt857-112,samdt28-112,samdt1125-112,s23-112,samdt879-112,samdt600-112,sres28-112,hr1249-112,samdt602-112,s1867-112,hjres48-112,samdt8-112,sres29-112,samdt775-112,hr2832-112,hr4-112,samdt869-112,hr3672-112,samdt1126-112,s1619-112,hr1473-112,,,,,,,,,,,,,,,,,,
Thune (R-SD),s223-112,samdt183-112,samdt642-112,sres159-112,sres14-112,samdt650-112,hr3079-112,s990-112,samdt634-112,samdt860-112,samdt501-112,samdt182-112,hjres44-112,samdt521-112,samdt1414-112,samdt927-112,samdt115-112,samdt791-112,s365-112,samdt645-112,samdt641-112,samdt58-112,samdt499-112,samdt763-112,samdt216-112,samdt392-112,samdt740-112,hconres35-112,samdt626-112,samdt1465-112,samdt796-112,hr1-112,samdt917-112,hr2887-112,hconres94-112,sres116-112,samdt1456-112,samdt625-112,hr1540-112,samdt390-112,hr674-112,samdt792-112,samdt121-112,hr2608-112,samdt769-112,samdt613-112,samdt273-112,hr2055-112,s679-112,samdt193-112,samdt610-112,samdt821-112,samdt34-112,samdt281-112,samdt928-112,samdt14-112,hr3080-112,samdt622-112,samdt753-112,samdt810-112,s23-112,samdt600-112,hr3078-112,sres28-112,samdt510-112,hr1249-112,samdt651-112,samdt1274-112,hconres36-112,hr514-112,s1867-112,hjres48-112,samdt8-112,samdt775-112,hr4-112,hr1473-112,samdt801-112,sjres10-112,,,,
Toomey (R-PA),samdt183-112,samdt642-112,sres159-112,sres14-112,samdt650-112,hr3079-112,s990-112,samdt800-112,samdt634-112,samdt860-112,samdt501-112,samdt182-112,hjres44-112,samdt521-112,samdt1414-112,samdt927-112,samdt115-112,samdt791-112,samdt645-112,samdt641-112,samdt58-112,samdt499-112,samdt763-112,samdt216-112,samdt392-112,samdt740-112,hconres35-112,samdt626-112,samdt1465-112,samdt796-112,hr1-112,samdt917-112,hconres94-112,sres116-112,samdt1456-112,samdt625-112,hr1540-112,samdt390-112,hr674-112,samdt792-112,samdt121-112,samdt411-112,samdt613-112,samdt273-112,hr2055-112,s679-112,samdt193-112,samdt610-112,samdt821-112,samdt34-112,samdt281-112,samdt476-112,samdt928-112,samdt14-112,hr3080-112,samdt622-112,samdt753-112,samdt810-112,s23-112,samdt600-112,hr3078-112,sres28-112,samdt510-112,hr1249-112,samdt602-112,samdt651-112,samdt621-112,samdt1274-112,hconres36-112,hr514-112,s1867-112,hjres48-112,samdt8-112,samdt775-112,hr4-112,samdt801-112,sjres10-112,,,,,
Udall (D-CO),samdt750-112,s223-112,sres159-112,sres14-112,hr3079-112,samdt1064-112,sres21-112,sjres24-112,samdt182-112,hjres44-112,samdt521-112,samdt1414-112,samdt927-112,samdt115-112,samdt791-112,s365-112,samdt633-112,samdt1107-112,samdt58-112,samdt216-112,samdt1465-112,samdt796-112,hr2887-112,sres116-112,samdt1456-112,hr1540-112,hr674-112,samdt121-112,hr2608-112,samdt284-112,samdt595-112,samdt273-112,hr2055-112,sres10-112,s679-112,samdt193-112,samdt34-112,samdt281-112,hr2112-112,samdt476-112,samdt857-112,samdt28-112,hr3080-112,samdt1125-112,s23-112,samdt879-112,samdt600-112,hr3078-112,sres28-112,hr1249-112,samdt602-112,hr514-112,s1867-112,hjres48-112,samdt8-112,sres29-112,samdt775-112,hr2832-112,hr4-112,samdt869-112,hr3672-112,samdt1126-112,s1619-112,hr1473-112,samdt801-112,,,,,,,,,,,,,,,,,
Udall (D-NM),samdt750-112,s223-112,sres8-112,samdt149-112,sres159-112,sres14-112,samdt1064-112,sres21-112,samdt182-112,hjres44-112,samdt1414-112,samdt286-112,samdt927-112,samdt791-112,s365-112,samdt633-112,samdt1107-112,samdt58-112,samdt216-112,samdt1465-112,samdt796-112,hr2887-112,samdt1456-112,hr1540-112,hr674-112,samdt121-112,hr2608-112,samdt284-112,samdt769-112,hr2055-112,sres10-112,samdt193-112,samdt34-112,samdt281-112,hr2112-112,samdt476-112,samdt857-112,samdt28-112,hr3080-112,samdt1125-112,s23-112,samdt879-112,sres28-112,hr1249-112,samdt602-112,s1867-112,hjres48-112,samdt8-112,sres29-112,samdt775-112,hr2832-112,hr4-112,samdt869-112,hr3672-112,samdt1126-112,s1619-112,hr1473-112,,,,,,,,,,,,,,,,,,,,,,,,,
Vitter (R-LA),samdt183-112,samdt642-112,sres159-112,sres14-112,samdt650-112,hr3079-112,s990-112,samdt634-112,samdt860-112,samdt501-112,samdt182-112,hjres44-112,samdt521-112,samdt1414-112,samdt927-112,samdt115-112,samdt791-112,samdt645-112,samdt641-112,samdt58-112,samdt499-112,samdt763-112,samdt216-112,samdt740-112,hconres35-112,samdt626-112,samdt1465-112,samdt796-112,hr1-112,samdt917-112,hr2887-112,hconres94-112,sres116-112,samdt1456-112,samdt625-112,hr1540-112,samdt390-112,hr674-112,samdt792-112,samdt121-112,samdt411-112,hr2608-112,samdt595-112,samdt769-112,samdt613-112,samdt273-112,hr2055-112,samdt193-112,samdt610-112,samdt821-112,samdt34-112,samdt281-112,samdt476-112,samdt928-112,samdt14-112,samdt511-112,hr3080-112,samdt622-112,samdt753-112,samdt810-112,s23-112,samdt600-112,hr3078-112,sres28-112,samdt510-112,hr1249-112,samdt602-112,samdt651-112,samdt1274-112,hconres36-112,hr514-112,s1867-112,hjres48-112,samdt8-112,samdt775-112,hr4-112,hr3672-112,samdt801-112,sjres10-112,,,
Warner (D-VA),samdt750-112,s223-112,samdt149-112,sres159-112,sres14-112,hr3079-112,s990-112,sres21-112,samdt182-112,hjres44-112,samdt1414-112,samdt927-112,samdt791-112,s365-112,samdt633-112,samdt1107-112,samdt58-112,samdt216-112,samdt392-112,samdt1465-112,samdt796-112,hr2887-112,sres116-112,samdt1456-112,hr1540-112,hr674-112,samdt792-112,samdt121-112,hr2608-112,samdt273-112,hr2055-112,sres10-112,s679-112,samdt193-112,samdt34-112,samdt281-112,hr2112-112,samdt476-112,samdt857-112,hr3080-112,samdt1125-112,s23-112,hr3078-112,sres28-112,hr1249-112,samdt602-112,hr514-112,s1867-112,hjres48-112,sres29-112,samdt775-112,hr2832-112,hr4-112,samdt869-112,hr3672-112,samdt1126-112,s1619-112,hr1473-112,,,,,,,,,,,,,,,,,,,,,,,,
Webb (D-VA),samdt750-112,s223-112,sres159-112,hr3079-112,s990-112,sres21-112,samdt182-112,hjres44-112,samdt1414-112,samdt286-112,samdt927-112,s365-112,samdt633-112,samdt1107-112,samdt58-112,samdt216-112,samdt392-112,samdt1465-112,hr2887-112,sres116-112,samdt1456-112,hr1540-112,hr674-112,samdt121-112,samdt411-112,hr2608-112,hr2055-112,s679-112,samdt193-112,samdt610-112,samdt34-112,samdt281-112,hr2112-112,samdt476-112,samdt215-112,hr3080-112,samdt1125-112,s23-112,samdt879-112,hr3078-112,sres28-112,hr1249-112,samdt602-112,hr514-112,s1867-112,hjres48-112,samdt8-112,sres29-112,samdt775-112,hr2832-112,hr4-112,hr3672-112,samdt1126-112,s1619-112,hr1473-112,,,,,,,,,,,,,,,,,,,,,,,,,,,
Whitehouse (D-RI),samdt750-112,s223-112,samdt149-112,sres159-112,sres14-112,s990-112,sres21-112,samdt182-112,hjres44-112,samdt1414-112,samdt286-112,samdt927-112,samdt791-112,s365-112,samdt633-112,samdt58-112,samdt216-112,samdt1465-112,hr2887-112,sres116-112,samdt1456-112,hr1540-112,hr674-112,samdt121-112,hr2608-112,samdt284-112,samdt769-112,hr2055-112,sres10-112,s679-112,samdt193-112,samdt34-112,samdt281-112,hr2112-112,samdt476-112,samdt857-112,samdt28-112,samdt1125-112,s23-112,samdt879-112,sres28-112,hr1249-112,samdt602-112,hr514-112,s1867-112,hjres48-112,samdt8-112,sres29-112,samdt775-112,hr2832-112,hr4-112,samdt869-112,hr3672-112,s1619-112,hr1473-112,,,,,,,,,,,,,,,,,,,,,,,,,,,
Wicker (R-MS),s223-112,samdt183-112,samdt642-112,sres159-112,sres14-112,samdt650-112,hr3079-112,s990-112,samdt634-112,samdt860-112,samdt501-112,samdt182-112,hjres44-112,samdt521-112,samdt1414-112,samdt927-112,samdt115-112,s365-112,samdt633-112,samdt645-112,samdt641-112,samdt58-112,samdt499-112,samdt763-112,samdt216-112,samdt392-112,samdt740-112,hconres35-112,samdt626-112,samdt1465-112,samdt796-112,hr1-112,samdt917-112,hr2887-112,hconres94-112,sres116-112,samdt1456-112,samdt625-112,hr1540-112,samdt390-112,hr674-112,samdt792-112,samdt121-112,samdt411-112,hr2608-112,samdt613-112,samdt273-112,hr2055-112,s679-112,samdt193-112,samdt610-112,samdt821-112,samdt34-112,samdt281-112,hr2112-112,samdt928-112,samdt14-112,hr3080-112,samdt622-112,samdt753-112,samdt810-112,s23-112,samdt600-112,hr3078-112,sres28-112,samdt510-112,hr1249-112,samdt1274-112,hconres36-112,hr514-112,s1867-112,hjres48-112,samdt8-112,sres29-112,samdt775-112,hr2832-112,hr4-112,samdt869-112,hr3672-112,hr1473-112,sjres10-112,